company_id,week,postings
C0001,1,18
C0001,2,17
C0001,3,20
C0001,4,11
C0001,5,16
C0001,6,20
C0001,7,22
C0001,8,16
C0001,9,19
C0001,10,19
C0001,11,21
C0001,12,12
C0001,13,20
C0001,14,10
C0001,15,5
C0001,16,15
C0001,17,13
C0001,18,22
C0001,19,21
C0001,20,12
C0001,21,22
C0001,22,13
C0001,23,17
C0001,24,16
C0001,25,18
C0001,26,22
C0002,1,51
C0002,2,32
C0002,3,43
C0002,4,47
C0002,5,53
C0002,6,40
C0002,7,44
C0002,8,39
C0002,9,29
C0002,10,45
C0002,11,42
C0002,12,41
C0002,13,52
C0002,14,54
C0002,15,32
C0002,16,41
C0002,17,35
C0002,18,49
C0002,19,27
C0002,20,64
C0002,21,50
C0002,22,51
C0002,23,44
C0002,24,29
C0002,25,46
C0002,26,47
C0003,1,78
C0003,2,66
C0003,3,64
C0003,4,63
C0003,5,83
C0003,6,87
C0003,7,57
C0003,8,70
C0003,9,74
C0003,10,74
C0003,11,74
C0003,12,76
C0003,13,93
C0003,14,66
C0003,15,79
C0003,16,68
C0003,17,95
C0003,18,83
C0003,19,80
C0003,20,75
C0003,21,73
C0003,22,77
C0003,23,78
C0003,24,60
C0003,25,85
C0003,26,86
C0004,1,43
C0004,2,42
C0004,3,36
C0004,4,48
C0004,5,39
C0004,6,49
C0004,7,29
C0004,8,37
C0004,9,47
C0004,10,33
C0004,11,40
C0004,12,48
C0004,13,37
C0004,14,41
C0004,15,36
C0004,16,33
C0004,17,27
C0004,18,46
C0004,19,48
C0004,20,42
C0004,21,37
C0004,22,36
C0004,23,36
C0004,24,25
C0004,25,41
C0004,26,41
C0005,1,33
C0005,2,20
C0005,3,22
C0005,4,33
C0005,5,23
C0005,6,14
C0005,7,20
C0005,8,18
C0005,9,25
C0005,10,27
C0005,11,32
C0005,12,27
C0005,13,28
C0005,14,25
C0005,15,29
C0005,16,25
C0005,17,29
C0005,18,20
C0005,19,29
C0005,20,25
C0005,21,24
C0005,22,21
C0005,23,33
C0005,24,27
C0005,25,12
C0005,26,30
C0006,1,19
C0006,2,22
C0006,3,28
C0006,4,15
C0006,5,22
C0006,6,16
C0006,7,24
C0006,8,27
C0006,9,17
C0006,10,13
C0006,11,27
C0006,12,19
C0006,13,29
C0006,14,20
C0006,15,17
C0006,16,27
C0006,17,22
C0006,18,19
C0006,19,21
C0006,20,21
C0006,21,16
C0006,22,19
C0006,23,13
C0006,24,15
C0006,25,22
C0006,26,27
C0007,1,85
C0007,2,85
C0007,3,93
C0007,4,68
C0007,5,93
C0007,6,62
C0007,7,81
C0007,8,87
C0007,9,94
C0007,10,91
C0007,11,88
C0007,12,59
C0007,13,47
C0007,14,33
C0007,15,30
C0007,16,16
C0007,17,31
C0007,18,20
C0007,19,22
C0007,20,20
C0007,21,21
C0007,22,17
C0007,23,30
C0007,24,17
C0007,25,28
C0007,26,14
C0008,1,56
C0008,2,51
C0008,3,58
C0008,4,52
C0008,5,59
C0008,6,51
C0008,7,59
C0008,8,58
C0008,9,52
C0008,10,45
C0008,11,45
C0008,12,46
C0008,13,44
C0008,14,60
C0008,15,52
C0008,16,66
C0008,17,72
C0008,18,53
C0008,19,40
C0008,20,49
C0008,21,52
C0008,22,40
C0008,23,51
C0008,24,55
C0008,25,49
C0008,26,46
C0009,1,21
C0009,2,33
C0009,3,19
C0009,4,29
C0009,5,40
C0009,6,27
C0009,7,27
C0009,8,26
C0009,9,25
C0009,10,23
C0009,11,43
C0009,12,39
C0009,13,31
C0009,14,36
C0009,15,32
C0009,16,27
C0009,17,48
C0009,18,36
C0009,19,22
C0009,20,24
C0009,21,18
C0009,22,34
C0009,23,22
C0009,24,26
C0009,25,26
C0009,26,35
C0010,1,50
C0010,2,56
C0010,3,60
C0010,4,47
C0010,5,55
C0010,6,38
C0010,7,52
C0010,8,70
C0010,9,49
C0010,10,56
C0010,11,43
C0010,12,60
C0010,13,56
C0010,14,63
C0010,15,58
C0010,16,54
C0010,17,61
C0010,18,63
C0010,19,60
C0010,20,61
C0010,21,50
C0010,22,60
C0010,23,54
C0010,24,57
C0010,25,61
C0010,26,49
C0011,1,103
C0011,2,95
C0011,3,91
C0011,4,92
C0011,5,90
C0011,6,89
C0011,7,90
C0011,8,95
C0011,9,89
C0011,10,100
C0011,11,86
C0011,12,111
C0011,13,81
C0011,14,108
C0011,15,100
C0011,16,88
C0011,17,98
C0011,18,97
C0011,19,49
C0011,20,84
C0011,21,87
C0011,22,110
C0011,23,100
C0011,24,81
C0011,25,98
C0011,26,70
C0012,1,59
C0012,2,64
C0012,3,75
C0012,4,89
C0012,5,69
C0012,6,88
C0012,7,80
C0012,8,57
C0012,9,71
C0012,10,73
C0012,11,59
C0012,12,71
C0012,13,86
C0012,14,79
C0012,15,84
C0012,16,74
C0012,17,63
C0012,18,74
C0012,19,60
C0012,20,89
C0012,21,68
C0012,22,74
C0012,23,78
C0012,24,84
C0012,25,65
C0012,26,62
C0013,1,24
C0013,2,27
C0013,3,28
C0013,4,34
C0013,5,23
C0013,6,26
C0013,7,18
C0013,8,29
C0013,9,27
C0013,10,28
C0013,11,26
C0013,12,34
C0013,13,28
C0013,14,37
C0013,15,22
C0013,16,33
C0013,17,16
C0013,18,45
C0013,19,22
C0013,20,26
C0013,21,23
C0013,22,29
C0013,23,29
C0013,24,37
C0013,25,24
C0013,26,37
C0014,1,43
C0014,2,53
C0014,3,34
C0014,4,62
C0014,5,45
C0014,6,60
C0014,7,47
C0014,8,47
C0014,9,35
C0014,10,40
C0014,11,32
C0014,12,24
C0014,13,26
C0014,14,5
C0014,15,18
C0014,16,17
C0014,17,11
C0014,18,13
C0014,19,10
C0014,20,11
C0014,21,16
C0014,22,11
C0014,23,18
C0014,24,13
C0014,25,11
C0014,26,13
C0015,1,40
C0015,2,34
C0015,3,41
C0015,4,55
C0015,5,40
C0015,6,36
C0015,7,52
C0015,8,48
C0015,9,54
C0015,10,57
C0015,11,51
C0015,12,40
C0015,13,50
C0015,14,55
C0015,15,46
C0015,16,39
C0015,17,60
C0015,18,48
C0015,19,48
C0015,20,52
C0015,21,60
C0015,22,54
C0015,23,49
C0015,24,57
C0015,25,70
C0015,26,63
C0016,1,25
C0016,2,23
C0016,3,22
C0016,4,25
C0016,5,24
C0016,6,12
C0016,7,22
C0016,8,22
C0016,9,26
C0016,10,18
C0016,11,29
C0016,12,25
C0016,13,18
C0016,14,18
C0016,15,21
C0016,16,23
C0016,17,22
C0016,18,25
C0016,19,20
C0016,20,33
C0016,21,21
C0016,22,22
C0016,23,16
C0016,24,15
C0016,25,21
C0016,26,18
C0017,1,13
C0017,2,16
C0017,3,23
C0017,4,15
C0017,5,15
C0017,6,19
C0017,7,19
C0017,8,14
C0017,9,28
C0017,10,15
C0017,11,23
C0017,12,18
C0017,13,12
C0017,14,23
C0017,15,12
C0017,16,15
C0017,17,3
C0017,18,10
C0017,19,1
C0017,20,16
C0017,21,10
C0017,22,4
C0017,23,14
C0017,24,16
C0017,25,15
C0017,26,15
C0018,1,67
C0018,2,63
C0018,3,71
C0018,4,74
C0018,5,86
C0018,6,68
C0018,7,69
C0018,8,66
C0018,9,74
C0018,10,77
C0018,11,79
C0018,12,72
C0018,13,79
C0018,14,73
C0018,15,64
C0018,16,73
C0018,17,58
C0018,18,78
C0018,19,73
C0018,20,76
C0018,21,63
C0018,22,64
C0018,23,66
C0018,24,60
C0018,25,64
C0018,26,67
C0019,1,46
C0019,2,35
C0019,3,35
C0019,4,45
C0019,5,32
C0019,6,26
C0019,7,45
C0019,8,39
C0019,9,21
C0019,10,36
C0019,11,33
C0019,12,48
C0019,13,31
C0019,14,32
C0019,15,30
C0019,16,29
C0019,17,31
C0019,18,26
C0019,19,29
C0019,20,25
C0019,21,26
C0019,22,25
C0019,23,33
C0019,24,32
C0019,25,28
C0019,26,40
C0020,1,9
C0020,2,7
C0020,3,7
C0020,4,5
C0020,5,4
C0020,6,14
C0020,7,8
C0020,8,9
C0020,9,7
C0020,10,11
C0020,11,12
C0020,12,12
C0020,13,10
C0020,14,7
C0020,15,6
C0020,16,13
C0020,17,6
C0020,18,14
C0020,19,5
C0020,20,11
C0020,21,13
C0020,22,9
C0020,23,6
C0020,24,7
C0020,25,7
C0020,26,7
C0021,1,176
C0021,2,190
C0021,3,157
C0021,4,219
C0021,5,163
C0021,6,210
C0021,7,181
C0021,8,180
C0021,9,178
C0021,10,224
C0021,11,211
C0021,12,174
C0021,13,192
C0021,14,189
C0021,15,156
C0021,16,151
C0021,17,195
C0021,18,186
C0021,19,209
C0021,20,179
C0021,21,189
C0021,22,209
C0021,23,161
C0021,24,173
C0021,25,184
C0021,26,169
C0022,1,49
C0022,2,51
C0022,3,59
C0022,4,69
C0022,5,54
C0022,6,38
C0022,7,53
C0022,8,51
C0022,9,56
C0022,10,56
C0022,11,74
C0022,12,58
C0022,13,54
C0022,14,60
C0022,15,56
C0022,16,49
C0022,17,64
C0022,18,54
C0022,19,61
C0022,20,62
C0022,21,50
C0022,22,50
C0022,23,57
C0022,24,50
C0022,25,53
C0022,26,55
C0023,1,32
C0023,2,31
C0023,3,20
C0023,4,34
C0023,5,28
C0023,6,32
C0023,7,45
C0023,8,36
C0023,9,21
C0023,10,27
C0023,11,19
C0023,12,37
C0023,13,37
C0023,14,28
C0023,15,32
C0023,16,30
C0023,17,30
C0023,18,36
C0023,19,37
C0023,20,36
C0023,21,35
C0023,22,37
C0023,23,35
C0023,24,27
C0023,25,29
C0023,26,31
C0024,1,40
C0024,2,35
C0024,3,34
C0024,4,43
C0024,5,32
C0024,6,48
C0024,7,41
C0024,8,30
C0024,9,42
C0024,10,41
C0024,11,45
C0024,12,48
C0024,13,37
C0024,14,34
C0024,15,35
C0024,16,32
C0024,17,33
C0024,18,41
C0024,19,39
C0024,20,35
C0024,21,33
C0024,22,41
C0024,23,35
C0024,24,31
C0024,25,37
C0024,26,36
C0025,1,45
C0025,2,57
C0025,3,48
C0025,4,48
C0025,5,35
C0025,6,65
C0025,7,62
C0025,8,71
C0025,9,40
C0025,10,56
C0025,11,47
C0025,12,60
C0025,13,60
C0025,14,58
C0025,15,41
C0025,16,36
C0025,17,32
C0025,18,11
C0025,19,8
C0025,20,12
C0025,21,11
C0025,22,9
C0025,23,5
C0025,24,7
C0025,25,8
C0025,26,4
C0026,1,34
C0026,2,30
C0026,3,25
C0026,4,34
C0026,5,38
C0026,6,32
C0026,7,38
C0026,8,33
C0026,9,33
C0026,10,21
C0026,11,21
C0026,12,27
C0026,13,17
C0026,14,21
C0026,15,27
C0026,16,16
C0026,17,19
C0026,18,8
C0026,19,11
C0026,20,18
C0026,21,14
C0026,22,15
C0026,23,20
C0026,24,19
C0026,25,10
C0026,26,19
C0027,1,25
C0027,2,22
C0027,3,22
C0027,4,17
C0027,5,15
C0027,6,13
C0027,7,24
C0027,8,25
C0027,9,24
C0027,10,22
C0027,11,16
C0027,12,15
C0027,13,24
C0027,14,25
C0027,15,35
C0027,16,13
C0027,17,21
C0027,18,18
C0027,19,16
C0027,20,14
C0027,21,23
C0027,22,20
C0027,23,24
C0027,24,18
C0027,25,20
C0027,26,16
C0028,1,104
C0028,2,79
C0028,3,95
C0028,4,97
C0028,5,112
C0028,6,102
C0028,7,113
C0028,8,142
C0028,9,117
C0028,10,86
C0028,11,118
C0028,12,129
C0028,13,100
C0028,14,106
C0028,15,99
C0028,16,63
C0028,17,56
C0028,18,50
C0028,19,37
C0028,20,22
C0028,21,11
C0028,22,13
C0028,23,25
C0028,24,21
C0028,25,11
C0028,26,28
C0029,1,26
C0029,2,23
C0029,3,36
C0029,4,37
C0029,5,38
C0029,6,24
C0029,7,39
C0029,8,40
C0029,9,32
C0029,10,33
C0029,11,33
C0029,12,28
C0029,13,26
C0029,14,14
C0029,15,15
C0029,16,8
C0029,17,15
C0029,18,15
C0029,19,12
C0029,20,14
C0029,21,6
C0029,22,16
C0029,23,11
C0029,24,13
C0029,25,17
C0029,26,9
C0030,1,32
C0030,2,41
C0030,3,38
C0030,4,37
C0030,5,32
C0030,6,28
C0030,7,28
C0030,8,36
C0030,9,24
C0030,10,22
C0030,11,19
C0030,12,6
C0030,13,11
C0030,14,14
C0030,15,18
C0030,16,19
C0030,17,15
C0030,18,13
C0030,19,16
C0030,20,21
C0030,21,16
C0030,22,11
C0030,23,12
C0030,24,18
C0030,25,16
C0030,26,9
C0031,1,63
C0031,2,67
C0031,3,70
C0031,4,76
C0031,5,92
C0031,6,86
C0031,7,74
C0031,8,92
C0031,9,65
C0031,10,86
C0031,11,78
C0031,12,82
C0031,13,86
C0031,14,73
C0031,15,88
C0031,16,80
C0031,17,105
C0031,18,77
C0031,19,94
C0031,20,88
C0031,21,69
C0031,22,95
C0031,23,70
C0031,24,58
C0031,25,91
C0031,26,93
C0032,1,16
C0032,2,28
C0032,3,37
C0032,4,37
C0032,5,28
C0032,6,26
C0032,7,22
C0032,8,24
C0032,9,34
C0032,10,30
C0032,11,32
C0032,12,27
C0032,13,24
C0032,14,21
C0032,15,16
C0032,16,9
C0032,17,20
C0032,18,7
C0032,19,7
C0032,20,5
C0032,21,7
C0032,22,9
C0032,23,9
C0032,24,12
C0032,25,8
C0032,26,4
C0033,1,116
C0033,2,141
C0033,3,119
C0033,4,157
C0033,5,137
C0033,6,115
C0033,7,147
C0033,8,164
C0033,9,106
C0033,10,144
C0033,11,138
C0033,12,133
C0033,13,135
C0033,14,137
C0033,15,121
C0033,16,148
C0033,17,112
C0033,18,155
C0033,19,149
C0033,20,113
C0033,21,128
C0033,22,146
C0033,23,121
C0033,24,125
C0033,25,121
C0033,26,141
C0034,1,47
C0034,2,61
C0034,3,39
C0034,4,51
C0034,5,45
C0034,6,42
C0034,7,39
C0034,8,51
C0034,9,44
C0034,10,50
C0034,11,51
C0034,12,42
C0034,13,54
C0034,14,43
C0034,15,30
C0034,16,43
C0034,17,29
C0034,18,32
C0034,19,33
C0034,20,36
C0034,21,29
C0034,22,34
C0034,23,48
C0034,24,38
C0034,25,37
C0034,26,28
C0035,1,100
C0035,2,101
C0035,3,87
C0035,4,103
C0035,5,98
C0035,6,95
C0035,7,85
C0035,8,90
C0035,9,92
C0035,10,105
C0035,11,81
C0035,12,99
C0035,13,101
C0035,14,80
C0035,15,90
C0035,16,90
C0035,17,103
C0035,18,100
C0035,19,108
C0035,20,93
C0035,21,90
C0035,22,99
C0035,23,85
C0035,24,87
C0035,25,97
C0035,26,95
C0036,1,29
C0036,2,34
C0036,3,39
C0036,4,29
C0036,5,48
C0036,6,41
C0036,7,52
C0036,8,37
C0036,9,41
C0036,10,30
C0036,11,38
C0036,12,30
C0036,13,44
C0036,14,48
C0036,15,29
C0036,16,29
C0036,17,45
C0036,18,47
C0036,19,55
C0036,20,42
C0036,21,39
C0036,22,39
C0036,23,36
C0036,24,41
C0036,25,35
C0036,26,31
C0037,1,24
C0037,2,18
C0037,3,20
C0037,4,27
C0037,5,14
C0037,6,21
C0037,7,26
C0037,8,22
C0037,9,20
C0037,10,23
C0037,11,31
C0037,12,23
C0037,13,20
C0037,14,31
C0037,15,21
C0037,16,18
C0037,17,18
C0037,18,16
C0037,19,23
C0037,20,13
C0037,21,16
C0037,22,13
C0037,23,18
C0037,24,13
C0037,25,13
C0037,26,15
C0038,1,58
C0038,2,57
C0038,3,61
C0038,4,44
C0038,5,82
C0038,6,66
C0038,7,47
C0038,8,70
C0038,9,64
C0038,10,27
C0038,11,33
C0038,12,18
C0038,13,31
C0038,14,37
C0038,15,31
C0038,16,24
C0038,17,32
C0038,18,28
C0038,19,16
C0038,20,19
C0038,21,24
C0038,22,33
C0038,23,22
C0038,24,21
C0038,25,29
C0038,26,25
C0039,1,44
C0039,2,68
C0039,3,74
C0039,4,65
C0039,5,58
C0039,6,67
C0039,7,58
C0039,8,75
C0039,9,57
C0039,10,61
C0039,11,59
C0039,12,69
C0039,13,58
C0039,14,54
C0039,15,70
C0039,16,74
C0039,17,79
C0039,18,54
C0039,19,64
C0039,20,48
C0039,21,48
C0039,22,45
C0039,23,57
C0039,24,66
C0039,25,71
C0039,26,58
C0040,1,61
C0040,2,60
C0040,3,53
C0040,4,55
C0040,5,41
C0040,6,55
C0040,7,47
C0040,8,60
C0040,9,54
C0040,10,57
C0040,11,41
C0040,12,60
C0040,13,55
C0040,14,48
C0040,15,62
C0040,16,44
C0040,17,54
C0040,18,47
C0040,19,38
C0040,20,33
C0040,21,36
C0040,22,23
C0040,23,35
C0040,24,29
C0040,25,29
C0040,26,24
C0041,1,19
C0041,2,22
C0041,3,26
C0041,4,32
C0041,5,22
C0041,6,20
C0041,7,18
C0041,8,15
C0041,9,32
C0041,10,17
C0041,11,22
C0041,12,24
C0041,13,17
C0041,14,18
C0041,15,17
C0041,16,12
C0041,17,22
C0041,18,23
C0041,19,15
C0041,20,24
C0041,21,22
C0041,22,12
C0041,23,33
C0041,24,35
C0041,25,23
C0041,26,34
C0042,1,33
C0042,2,37
C0042,3,30
C0042,4,34
C0042,5,32
C0042,6,27
C0042,7,28
C0042,8,30
C0042,9,24
C0042,10,33
C0042,11,24
C0042,12,29
C0042,13,30
C0042,14,36
C0042,15,36
C0042,16,33
C0042,17,25
C0042,18,36
C0042,19,31
C0042,20,28
C0042,21,24
C0042,22,36
C0042,23,33
C0042,24,31
C0042,25,33
C0042,26,23
C0043,1,48
C0043,2,32
C0043,3,44
C0043,4,37
C0043,5,46
C0043,6,50
C0043,7,58
C0043,8,48
C0043,9,44
C0043,10,42
C0043,11,34
C0043,12,40
C0043,13,42
C0043,14,37
C0043,15,45
C0043,16,49
C0043,17,38
C0043,18,41
C0043,19,26
C0043,20,38
C0043,21,37
C0043,22,54
C0043,23,31
C0043,24,44
C0043,25,43
C0043,26,35
C0044,1,51
C0044,2,45
C0044,3,56
C0044,4,34
C0044,5,40
C0044,6,40
C0044,7,33
C0044,8,39
C0044,9,52
C0044,10,42
C0044,11,35
C0044,12,39
C0044,13,29
C0044,14,40
C0044,15,24
C0044,16,47
C0044,17,40
C0044,18,39
C0044,19,17
C0044,20,20
C0044,21,17
C0044,22,18
C0044,23,15
C0044,24,27
C0044,25,32
C0044,26,26
C0045,1,62
C0045,2,47
C0045,3,72
C0045,4,57
C0045,5,45
C0045,6,73
C0045,7,41
C0045,8,46
C0045,9,51
C0045,10,45
C0045,11,57
C0045,12,55
C0045,13,54
C0045,14,68
C0045,15,39
C0045,16,64
C0045,17,45
C0045,18,64
C0045,19,68
C0045,20,71
C0045,21,50
C0045,22,42
C0045,23,55
C0045,24,51
C0045,25,37
C0045,26,58
C0046,1,68
C0046,2,60
C0046,3,56
C0046,4,66
C0046,5,64
C0046,6,65
C0046,7,50
C0046,8,64
C0046,9,59
C0046,10,62
C0046,11,33
C0046,12,37
C0046,13,30
C0046,14,31
C0046,15,30
C0046,16,38
C0046,17,33
C0046,18,37
C0046,19,47
C0046,20,26
C0046,21,44
C0046,22,34
C0046,23,38
C0046,24,41
C0046,25,39
C0046,26,40
C0047,1,63
C0047,2,58
C0047,3,50
C0047,4,78
C0047,5,62
C0047,6,67
C0047,7,82
C0047,8,54
C0047,9,56
C0047,10,73
C0047,11,48
C0047,12,61
C0047,13,61
C0047,14,69
C0047,15,64
C0047,16,53
C0047,17,70
C0047,18,69
C0047,19,52
C0047,20,55
C0047,21,57
C0047,22,51
C0047,23,71
C0047,24,59
C0047,25,59
C0047,26,53
C0048,1,32
C0048,2,32
C0048,3,35
C0048,4,25
C0048,5,28
C0048,6,42
C0048,7,53
C0048,8,40
C0048,9,32
C0048,10,29
C0048,11,35
C0048,12,17
C0048,13,34
C0048,14,36
C0048,15,35
C0048,16,44
C0048,17,27
C0048,18,35
C0048,19,29
C0048,20,33
C0048,21,27
C0048,22,44
C0048,23,29
C0048,24,32
C0048,25,36
C0048,26,38
C0049,1,21
C0049,2,22
C0049,3,8
C0049,4,15
C0049,5,20
C0049,6,25
C0049,7,22
C0049,8,26
C0049,9,18
C0049,10,20
C0049,11,17
C0049,12,17
C0049,13,15
C0049,14,16
C0049,15,18
C0049,16,16
C0049,17,19
C0049,18,10
C0049,19,21
C0049,20,20
C0049,21,21
C0049,22,16
C0049,23,16
C0049,24,23
C0049,25,18
C0049,26,28
C0050,1,13
C0050,2,17
C0050,3,11
C0050,4,10
C0050,5,3
C0050,6,0
C0050,7,10
C0050,8,13
C0050,9,18
C0050,10,18
C0050,11,14
C0050,12,16
C0050,13,15
C0050,14,16
C0050,15,20
C0050,16,21
C0050,17,20
C0050,18,14
C0050,19,8
C0050,20,15
C0050,21,8
C0050,22,19
C0050,23,13
C0050,24,15
C0050,25,23
C0050,26,17
C0051,1,45
C0051,2,85
C0051,3,47
C0051,4,57
C0051,5,58
C0051,6,46
C0051,7,69
C0051,8,53
C0051,9,55
C0051,10,69
C0051,11,47
C0051,12,49
C0051,13,50
C0051,14,42
C0051,15,55
C0051,16,57
C0051,17,55
C0051,18,58
C0051,19,60
C0051,20,41
C0051,21,24
C0051,22,32
C0051,23,21
C0051,24,33
C0051,25,24
C0051,26,29
C0052,1,27
C0052,2,32
C0052,3,38
C0052,4,30
C0052,5,38
C0052,6,30
C0052,7,43
C0052,8,32
C0052,9,31
C0052,10,22
C0052,11,23
C0052,12,35
C0052,13,31
C0052,14,34
C0052,15,28
C0052,16,31
C0052,17,28
C0052,18,34
C0052,19,31
C0052,20,45
C0052,21,28
C0052,22,40
C0052,23,26
C0052,24,30
C0052,25,27
C0052,26,41
C0053,1,47
C0053,2,44
C0053,3,64
C0053,4,54
C0053,5,58
C0053,6,58
C0053,7,53
C0053,8,53
C0053,9,48
C0053,10,39
C0053,11,62
C0053,12,52
C0053,13,55
C0053,14,55
C0053,15,42
C0053,16,61
C0053,17,58
C0053,18,56
C0053,19,55
C0053,20,49
C0053,21,54
C0053,22,38
C0053,23,69
C0053,24,70
C0053,25,57
C0053,26,59
C0054,1,58
C0054,2,46
C0054,3,47
C0054,4,40
C0054,5,39
C0054,6,40
C0054,7,35
C0054,8,50
C0054,9,46
C0054,10,30
C0054,11,44
C0054,12,51
C0054,13,44
C0054,14,54
C0054,15,58
C0054,16,50
C0054,17,51
C0054,18,44
C0054,19,41
C0054,20,51
C0054,21,48
C0054,22,37
C0054,23,39
C0054,24,42
C0054,25,22
C0054,26,48
C0055,1,21
C0055,2,20
C0055,3,11
C0055,4,29
C0055,5,24
C0055,6,28
C0055,7,26
C0055,8,22
C0055,9,22
C0055,10,22
C0055,11,20
C0055,12,17
C0055,13,24
C0055,14,25
C0055,15,24
C0055,16,24
C0055,17,19
C0055,18,24
C0055,19,13
C0055,20,23
C0055,21,24
C0055,22,29
C0055,23,24
C0055,24,12
C0055,25,24
C0055,26,21
C0056,1,54
C0056,2,49
C0056,3,51
C0056,4,45
C0056,5,49
C0056,6,46
C0056,7,51
C0056,8,35
C0056,9,44
C0056,10,30
C0056,11,22
C0056,12,33
C0056,13,17
C0056,14,30
C0056,15,19
C0056,16,20
C0056,17,21
C0056,18,20
C0056,19,23
C0056,20,28
C0056,21,27
C0056,22,23
C0056,23,29
C0056,24,14
C0056,25,22
C0056,26,17
C0057,1,41
C0057,2,33
C0057,3,40
C0057,4,34
C0057,5,46
C0057,6,61
C0057,7,24
C0057,8,50
C0057,9,45
C0057,10,40
C0057,11,40
C0057,12,43
C0057,13,43
C0057,14,55
C0057,15,18
C0057,16,37
C0057,17,20
C0057,18,33
C0057,19,24
C0057,20,26
C0057,21,26
C0057,22,25
C0057,23,28
C0057,24,29
C0057,25,29
C0057,26,27
C0058,1,23
C0058,2,20
C0058,3,24
C0058,4,18
C0058,5,20
C0058,6,15
C0058,7,25
C0058,8,33
C0058,9,27
C0058,10,29
C0058,11,28
C0058,12,21
C0058,13,27
C0058,14,24
C0058,15,24
C0058,16,20
C0058,17,33
C0058,18,20
C0058,19,16
C0058,20,20
C0058,21,25
C0058,22,24
C0058,23,24
C0058,24,20
C0058,25,32
C0058,26,27
C0059,1,43
C0059,2,61
C0059,3,47
C0059,4,56
C0059,5,48
C0059,6,59
C0059,7,61
C0059,8,51
C0059,9,50
C0059,10,56
C0059,11,45
C0059,12,46
C0059,13,48
C0059,14,46
C0059,15,61
C0059,16,47
C0059,17,60
C0059,18,57
C0059,19,42
C0059,20,59
C0059,21,54
C0059,22,46
C0059,23,63
C0059,24,52
C0059,25,60
C0059,26,53
C0060,1,25
C0060,2,34
C0060,3,30
C0060,4,56
C0060,5,49
C0060,6,44
C0060,7,45
C0060,8,51
C0060,9,44
C0060,10,38
C0060,11,35
C0060,12,38
C0060,13,39
C0060,14,53
C0060,15,57
C0060,16,60
C0060,17,53
C0060,18,33
C0060,19,55
C0060,20,44
C0060,21,47
C0060,22,48
C0060,23,56
C0060,24,50
C0060,25,55
C0060,26,47
C0061,1,39
C0061,2,28
C0061,3,38
C0061,4,45
C0061,5,25
C0061,6,17
C0061,7,31
C0061,8,26
C0061,9,27
C0061,10,28
C0061,11,27
C0061,12,40
C0061,13,38
C0061,14,38
C0061,15,46
C0061,16,26
C0061,17,15
C0061,18,44
C0061,19,33
C0061,20,31
C0061,21,20
C0061,22,23
C0061,23,36
C0061,24,31
C0061,25,18
C0061,26,26
C0062,1,30
C0062,2,28
C0062,3,38
C0062,4,39
C0062,5,40
C0062,6,32
C0062,7,29
C0062,8,52
C0062,9,40
C0062,10,38
C0062,11,28
C0062,12,44
C0062,13,22
C0062,14,32
C0062,15,44
C0062,16,42
C0062,17,26
C0062,18,22
C0062,19,34
C0062,20,18
C0062,21,15
C0062,22,18
C0062,23,12
C0062,24,12
C0062,25,12
C0062,26,13
C0063,1,65
C0063,2,62
C0063,3,63
C0063,4,72
C0063,5,50
C0063,6,63
C0063,7,55
C0063,8,65
C0063,9,57
C0063,10,62
C0063,11,69
C0063,12,61
C0063,13,54
C0063,14,52
C0063,15,50
C0063,16,64
C0063,17,67
C0063,18,53
C0063,19,40
C0063,20,50
C0063,21,59
C0063,22,47
C0063,23,39
C0063,24,51
C0063,25,38
C0063,26,58
C0064,1,14
C0064,2,20
C0064,3,16
C0064,4,21
C0064,5,8
C0064,6,20
C0064,7,19
C0064,8,11
C0064,9,12
C0064,10,16
C0064,11,15
C0064,12,19
C0064,13,10
C0064,14,13
C0064,15,27
C0064,16,13
C0064,17,15
C0064,18,16
C0064,19,16
C0064,20,23
C0064,21,14
C0064,22,21
C0064,23,13
C0064,24,21
C0064,25,16
C0064,26,16
C0065,1,25
C0065,2,18
C0065,3,32
C0065,4,30
C0065,5,32
C0065,6,23
C0065,7,19
C0065,8,27
C0065,9,25
C0065,10,28
C0065,11,27
C0065,12,25
C0065,13,25
C0065,14,21
C0065,15,28
C0065,16,20
C0065,17,24
C0065,18,25
C0065,19,30
C0065,20,24
C0065,21,28
C0065,22,28
C0065,23,32
C0065,24,29
C0065,25,29
C0065,26,33
C0066,1,15
C0066,2,26
C0066,3,35
C0066,4,25
C0066,5,23
C0066,6,27
C0066,7,31
C0066,8,36
C0066,9,28
C0066,10,34
C0066,11,35
C0066,12,23
C0066,13,25
C0066,14,22
C0066,15,35
C0066,16,19
C0066,17,22
C0066,18,27
C0066,19,24
C0066,20,29
C0066,21,15
C0066,22,12
C0066,23,30
C0066,24,14
C0066,25,21
C0066,26,12
C0067,1,32
C0067,2,39
C0067,3,31
C0067,4,33
C0067,5,30
C0067,6,24
C0067,7,36
C0067,8,42
C0067,9,33
C0067,10,40
C0067,11,35
C0067,12,18
C0067,13,28
C0067,14,25
C0067,15,38
C0067,16,21
C0067,17,29
C0067,18,19
C0067,19,18
C0067,20,18
C0067,21,16
C0067,22,25
C0067,23,16
C0067,24,13
C0067,25,14
C0067,26,12
C0068,1,32
C0068,2,20
C0068,3,23
C0068,4,20
C0068,5,22
C0068,6,18
C0068,7,24
C0068,8,22
C0068,9,25
C0068,10,20
C0068,11,25
C0068,12,22
C0068,13,22
C0068,14,29
C0068,15,17
C0068,16,18
C0068,17,22
C0068,18,11
C0068,19,23
C0068,20,24
C0068,21,15
C0068,22,22
C0068,23,19
C0068,24,20
C0068,25,11
C0068,26,18
C0069,1,38
C0069,2,45
C0069,3,57
C0069,4,36
C0069,5,37
C0069,6,45
C0069,7,42
C0069,8,38
C0069,9,41
C0069,10,32
C0069,11,46
C0069,12,49
C0069,13,41
C0069,14,41
C0069,15,47
C0069,16,39
C0069,17,41
C0069,18,43
C0069,19,54
C0069,20,43
C0069,21,43
C0069,22,42
C0069,23,41
C0069,24,36
C0069,25,37
C0069,26,51
C0070,1,33
C0070,2,38
C0070,3,43
C0070,4,35
C0070,5,48
C0070,6,38
C0070,7,49
C0070,8,30
C0070,9,36
C0070,10,31
C0070,11,37
C0070,12,31
C0070,13,23
C0070,14,17
C0070,15,20
C0070,16,23
C0070,17,24
C0070,18,20
C0070,19,18
C0070,20,20
C0070,21,21
C0070,22,21
C0070,23,18
C0070,24,29
C0070,25,17
C0070,26,28
C0071,1,24
C0071,2,25
C0071,3,29
C0071,4,18
C0071,5,28
C0071,6,26
C0071,7,13
C0071,8,20
C0071,9,13
C0071,10,22
C0071,11,21
C0071,12,13
C0071,13,26
C0071,14,12
C0071,15,18
C0071,16,9
C0071,17,14
C0071,18,20
C0071,19,24
C0071,20,16
C0071,21,27
C0071,22,23
C0071,23,30
C0071,24,21
C0071,25,12
C0071,26,19
C0072,1,78
C0072,2,69
C0072,3,74
C0072,4,85
C0072,5,65
C0072,6,77
C0072,7,64
C0072,8,91
C0072,9,87
C0072,10,83
C0072,11,74
C0072,12,76
C0072,13,69
C0072,14,78
C0072,15,94
C0072,16,75
C0072,17,88
C0072,18,79
C0072,19,90
C0072,20,80
C0072,21,86
C0072,22,62
C0072,23,91
C0072,24,74
C0072,25,87
C0072,26,69
C0073,1,31
C0073,2,32
C0073,3,25
C0073,4,23
C0073,5,22
C0073,6,23
C0073,7,31
C0073,8,23
C0073,9,16
C0073,10,28
C0073,11,25
C0073,12,21
C0073,13,10
C0073,14,24
C0073,15,19
C0073,16,11
C0073,17,17
C0073,18,11
C0073,19,10
C0073,20,6
C0073,21,20
C0073,22,20
C0073,23,15
C0073,24,16
C0073,25,24
C0073,26,13
C0074,1,14
C0074,2,6
C0074,3,15
C0074,4,15
C0074,5,14
C0074,6,14
C0074,7,13
C0074,8,23
C0074,9,24
C0074,10,16
C0074,11,23
C0074,12,16
C0074,13,16
C0074,14,13
C0074,15,21
C0074,16,20
C0074,17,11
C0074,18,13
C0074,19,6
C0074,20,0
C0074,21,2
C0074,22,0
C0074,23,1
C0074,24,5
C0074,25,3
C0074,26,0
C0075,1,37
C0075,2,50
C0075,3,46
C0075,4,36
C0075,5,58
C0075,6,34
C0075,7,36
C0075,8,48
C0075,9,45
C0075,10,40
C0075,11,30
C0075,12,31
C0075,13,49
C0075,14,30
C0075,15,49
C0075,16,34
C0075,17,32
C0075,18,27
C0075,19,24
C0075,20,27
C0075,21,28
C0075,22,8
C0075,23,17
C0075,24,21
C0075,25,17
C0075,26,15
C0076,1,53
C0076,2,61
C0076,3,57
C0076,4,59
C0076,5,47
C0076,6,56
C0076,7,53
C0076,8,56
C0076,9,58
C0076,10,63
C0076,11,48
C0076,12,53
C0076,13,43
C0076,14,47
C0076,15,9
C0076,16,21
C0076,17,32
C0076,18,11
C0076,19,34
C0076,20,26
C0076,21,13
C0076,22,29
C0076,23,19
C0076,24,20
C0076,25,34
C0076,26,23
C0077,1,36
C0077,2,41
C0077,3,28
C0077,4,37
C0077,5,52
C0077,6,37
C0077,7,29
C0077,8,25
C0077,9,39
C0077,10,35
C0077,11,33
C0077,12,40
C0077,13,37
C0077,14,32
C0077,15,29
C0077,16,16
C0077,17,16
C0077,18,14
C0077,19,15
C0077,20,19
C0077,21,12
C0077,22,12
C0077,23,22
C0077,24,16
C0077,25,9
C0077,26,13
C0078,1,19
C0078,2,33
C0078,3,33
C0078,4,20
C0078,5,14
C0078,6,11
C0078,7,33
C0078,8,23
C0078,9,23
C0078,10,24
C0078,11,17
C0078,12,20
C0078,13,20
C0078,14,22
C0078,15,25
C0078,16,31
C0078,17,22
C0078,18,19
C0078,19,32
C0078,20,17
C0078,21,25
C0078,22,26
C0078,23,20
C0078,24,20
C0078,25,29
C0078,26,28
C0079,1,40
C0079,2,45
C0079,3,39
C0079,4,32
C0079,5,42
C0079,6,36
C0079,7,38
C0079,8,25
C0079,9,33
C0079,10,33
C0079,11,21
C0079,12,21
C0079,13,18
C0079,14,21
C0079,15,20
C0079,16,8
C0079,17,19
C0079,18,19
C0079,19,14
C0079,20,24
C0079,21,17
C0079,22,16
C0079,23,20
C0079,24,16
C0079,25,21
C0079,26,16
C0080,1,41
C0080,2,44
C0080,3,33
C0080,4,39
C0080,5,47
C0080,6,34
C0080,7,49
C0080,8,35
C0080,9,31
C0080,10,38
C0080,11,39
C0080,12,46
C0080,13,44
C0080,14,40
C0080,15,43
C0080,16,39
C0080,17,44
C0080,18,35
C0080,19,31
C0080,20,40
C0080,21,58
C0080,22,44
C0080,23,34
C0080,24,49
C0080,25,25
C0080,26,37
C0081,1,39
C0081,2,42
C0081,3,38
C0081,4,25
C0081,5,29
C0081,6,37
C0081,7,42
C0081,8,41
C0081,9,25
C0081,10,35
C0081,11,30
C0081,12,22
C0081,13,20
C0081,14,22
C0081,15,17
C0081,16,18
C0081,17,9
C0081,18,19
C0081,19,22
C0081,20,22
C0081,21,25
C0081,22,17
C0081,23,9
C0081,24,27
C0081,25,13
C0081,26,12
C0082,1,29
C0082,2,35
C0082,3,39
C0082,4,37
C0082,5,31
C0082,6,31
C0082,7,34
C0082,8,25
C0082,9,38
C0082,10,37
C0082,11,38
C0082,12,39
C0082,13,39
C0082,14,20
C0082,15,33
C0082,16,23
C0082,17,26
C0082,18,31
C0082,19,39
C0082,20,34
C0082,21,33
C0082,22,43
C0082,23,33
C0082,24,25
C0082,25,22
C0082,26,26
C0083,1,13
C0083,2,18
C0083,3,12
C0083,4,9
C0083,5,9
C0083,6,20
C0083,7,11
C0083,8,16
C0083,9,12
C0083,10,14
C0083,11,14
C0083,12,19
C0083,13,13
C0083,14,8
C0083,15,19
C0083,16,10
C0083,17,15
C0083,18,10
C0083,19,14
C0083,20,13
C0083,21,16
C0083,22,20
C0083,23,12
C0083,24,20
C0083,25,13
C0083,26,8
C0084,1,48
C0084,2,51
C0084,3,41
C0084,4,43
C0084,5,49
C0084,6,53
C0084,7,54
C0084,8,50
C0084,9,53
C0084,10,49
C0084,11,63
C0084,12,48
C0084,13,44
C0084,14,55
C0084,15,40
C0084,16,44
C0084,17,48
C0084,18,46
C0084,19,54
C0084,20,48
C0084,21,48
C0084,22,22
C0084,23,22
C0084,24,39
C0084,25,25
C0084,26,35
C0085,1,103
C0085,2,86
C0085,3,95
C0085,4,107
C0085,5,98
C0085,6,89
C0085,7,91
C0085,8,78
C0085,9,88
C0085,10,103
C0085,11,81
C0085,12,94
C0085,13,98
C0085,14,108
C0085,15,84
C0085,16,111
C0085,17,92
C0085,18,112
C0085,19,104
C0085,20,109
C0085,21,104
C0085,22,116
C0085,23,109
C0085,24,119
C0085,25,109
C0085,26,99
C0086,1,16
C0086,2,36
C0086,3,40
C0086,4,32
C0086,5,37
C0086,6,44
C0086,7,47
C0086,8,39
C0086,9,27
C0086,10,36
C0086,11,28
C0086,12,35
C0086,13,33
C0086,14,31
C0086,15,46
C0086,16,34
C0086,17,25
C0086,18,38
C0086,19,40
C0086,20,35
C0086,21,30
C0086,22,32
C0086,23,31
C0086,24,32
C0086,25,30
C0086,26,34
C0087,1,53
C0087,2,46
C0087,3,24
C0087,4,51
C0087,5,56
C0087,6,42
C0087,7,48
C0087,8,36
C0087,9,47
C0087,10,60
C0087,11,42
C0087,12,46
C0087,13,49
C0087,14,47
C0087,15,53
C0087,16,41
C0087,17,43
C0087,18,43
C0087,19,45
C0087,20,56
C0087,21,32
C0087,22,42
C0087,23,49
C0087,24,50
C0087,25,60
C0087,26,60
C0088,1,28
C0088,2,35
C0088,3,25
C0088,4,22
C0088,5,26
C0088,6,27
C0088,7,39
C0088,8,23
C0088,9,40
C0088,10,27
C0088,11,24
C0088,12,30
C0088,13,37
C0088,14,41
C0088,15,34
C0088,16,34
C0088,17,30
C0088,18,41
C0088,19,30
C0088,20,26
C0088,21,28
C0088,22,32
C0088,23,37
C0088,24,28
C0088,25,41
C0088,26,34
C0089,1,19
C0089,2,21
C0089,3,21
C0089,4,20
C0089,5,18
C0089,6,25
C0089,7,24
C0089,8,31
C0089,9,16
C0089,10,24
C0089,11,21
C0089,12,29
C0089,13,26
C0089,14,32
C0089,15,38
C0089,16,27
C0089,17,30
C0089,18,23
C0089,19,26
C0089,20,27
C0089,21,40
C0089,22,21
C0089,23,27
C0089,24,28
C0089,25,23
C0089,26,30
C0090,1,51
C0090,2,51
C0090,3,40
C0090,4,50
C0090,5,45
C0090,6,39
C0090,7,46
C0090,8,52
C0090,9,49
C0090,10,47
C0090,11,42
C0090,12,25
C0090,13,30
C0090,14,30
C0090,15,28
C0090,16,26
C0090,17,30
C0090,18,26
C0090,19,17
C0090,20,30
C0090,21,20
C0090,22,25
C0090,23,25
C0090,24,24
C0090,25,34
C0090,26,30
C0091,1,96
C0091,2,67
C0091,3,81
C0091,4,85
C0091,5,73
C0091,6,73
C0091,7,83
C0091,8,86
C0091,9,92
C0091,10,91
C0091,11,82
C0091,12,79
C0091,13,81
C0091,14,67
C0091,15,70
C0091,16,73
C0091,17,83
C0091,18,81
C0091,19,90
C0091,20,85
C0091,21,109
C0091,22,63
C0091,23,75
C0091,24,75
C0091,25,67
C0091,26,65
C0092,1,25
C0092,2,42
C0092,3,28
C0092,4,31
C0092,5,44
C0092,6,47
C0092,7,27
C0092,8,44
C0092,9,32
C0092,10,37
C0092,11,41
C0092,12,31
C0092,13,38
C0092,14,25
C0092,15,35
C0092,16,35
C0092,17,35
C0092,18,35
C0092,19,57
C0092,20,47
C0092,21,42
C0092,22,35
C0092,23,35
C0092,24,28
C0092,25,43
C0092,26,45
C0093,1,63
C0093,2,60
C0093,3,54
C0093,4,55
C0093,5,61
C0093,6,46
C0093,7,68
C0093,8,66
C0093,9,59
C0093,10,63
C0093,11,64
C0093,12,72
C0093,13,68
C0093,14,76
C0093,15,43
C0093,16,41
C0093,17,28
C0093,18,20
C0093,19,22
C0093,20,13
C0093,21,15
C0093,22,19
C0093,23,21
C0093,24,17
C0093,25,30
C0093,26,29
C0094,1,32
C0094,2,41
C0094,3,36
C0094,4,19
C0094,5,32
C0094,6,34
C0094,7,45
C0094,8,39
C0094,9,37
C0094,10,44
C0094,11,40
C0094,12,38
C0094,13,44
C0094,14,29
C0094,15,38
C0094,16,48
C0094,17,24
C0094,18,33
C0094,19,40
C0094,20,41
C0094,21,37
C0094,22,42
C0094,23,33
C0094,24,46
C0094,25,41
C0094,26,52
C0095,1,14
C0095,2,13
C0095,3,26
C0095,4,19
C0095,5,15
C0095,6,21
C0095,7,24
C0095,8,19
C0095,9,21
C0095,10,22
C0095,11,18
C0095,12,19
C0095,13,17
C0095,14,13
C0095,15,12
C0095,16,20
C0095,17,14
C0095,18,18
C0095,19,17
C0095,20,22
C0095,21,19
C0095,22,19
C0095,23,16
C0095,24,17
C0095,25,16
C0095,26,19
C0096,1,67
C0096,2,67
C0096,3,68
C0096,4,59
C0096,5,54
C0096,6,76
C0096,7,67
C0096,8,61
C0096,9,85
C0096,10,72
C0096,11,81
C0096,12,56
C0096,13,64
C0096,14,62
C0096,15,62
C0096,16,59
C0096,17,54
C0096,18,49
C0096,19,44
C0096,20,42
C0096,21,29
C0096,22,34
C0096,23,27
C0096,24,34
C0096,25,26
C0096,26,23
C0097,1,33
C0097,2,44
C0097,3,47
C0097,4,46
C0097,5,53
C0097,6,41
C0097,7,43
C0097,8,41
C0097,9,49
C0097,10,40
C0097,11,30
C0097,12,44
C0097,13,54
C0097,14,44
C0097,15,39
C0097,16,48
C0097,17,64
C0097,18,42
C0097,19,42
C0097,20,45
C0097,21,42
C0097,22,50
C0097,23,65
C0097,24,42
C0097,25,60
C0097,26,36
C0098,1,30
C0098,2,53
C0098,3,47
C0098,4,34
C0098,5,41
C0098,6,43
C0098,7,54
C0098,8,49
C0098,9,44
C0098,10,40
C0098,11,47
C0098,12,41
C0098,13,51
C0098,14,46
C0098,15,64
C0098,16,41
C0098,17,40
C0098,18,45
C0098,19,27
C0098,20,17
C0098,21,24
C0098,22,21
C0098,23,25
C0098,24,26
C0098,25,40
C0098,26,26
C0099,1,70
C0099,2,80
C0099,3,49
C0099,4,65
C0099,5,54
C0099,6,44
C0099,7,68
C0099,8,54
C0099,9,63
C0099,10,49
C0099,11,67
C0099,12,48
C0099,13,22
C0099,14,45
C0099,15,27
C0099,16,31
C0099,17,28
C0099,18,27
C0099,19,38
C0099,20,36
C0099,21,22
C0099,22,39
C0099,23,39
C0099,24,32
C0099,25,16
C0099,26,31
C0100,1,32
C0100,2,40
C0100,3,44
C0100,4,38
C0100,5,49
C0100,6,28
C0100,7,39
C0100,8,35
C0100,9,32
C0100,10,46
C0100,11,36
C0100,12,33
C0100,13,37
C0100,14,34
C0100,15,34
C0100,16,27
C0100,17,46
C0100,18,43
C0100,19,34
C0100,20,18
C0100,21,34
C0100,22,34
C0100,23,35
C0100,24,36
C0100,25,40
C0100,26,43
C0101,1,32
C0101,2,30
C0101,3,28
C0101,4,40
C0101,5,51
C0101,6,37
C0101,7,35
C0101,8,46
C0101,9,39
C0101,10,32
C0101,11,38
C0101,12,39
C0101,13,34
C0101,14,40
C0101,15,46
C0101,16,39
C0101,17,32
C0101,18,33
C0101,19,40
C0101,20,39
C0101,21,41
C0101,22,37
C0101,23,35
C0101,24,47
C0101,25,34
C0101,26,28
C0102,1,14
C0102,2,9
C0102,3,17
C0102,4,8
C0102,5,7
C0102,6,19
C0102,7,15
C0102,8,21
C0102,9,8
C0102,10,8
C0102,11,12
C0102,12,12
C0102,13,15
C0102,14,10
C0102,15,19
C0102,16,7
C0102,17,16
C0102,18,20
C0102,19,17
C0102,20,18
C0102,21,8
C0102,22,18
C0102,23,16
C0102,24,13
C0102,25,13
C0102,26,13
C0103,1,20
C0103,2,19
C0103,3,16
C0103,4,16
C0103,5,19
C0103,6,23
C0103,7,25
C0103,8,18
C0103,9,23
C0103,10,13
C0103,11,21
C0103,12,32
C0103,13,21
C0103,14,30
C0103,15,26
C0103,16,32
C0103,17,27
C0103,18,13
C0103,19,15
C0103,20,35
C0103,21,23
C0103,22,25
C0103,23,31
C0103,24,23
C0103,25,28
C0103,26,17
C0104,1,116
C0104,2,106
C0104,3,103
C0104,4,123
C0104,5,118
C0104,6,104
C0104,7,102
C0104,8,130
C0104,9,140
C0104,10,115
C0104,11,48
C0104,12,61
C0104,13,48
C0104,14,49
C0104,15,35
C0104,16,58
C0104,17,53
C0104,18,52
C0104,19,63
C0104,20,52
C0104,21,53
C0104,22,43
C0104,23,51
C0104,24,46
C0104,25,50
C0104,26,35
C0105,1,38
C0105,2,34
C0105,3,27
C0105,4,36
C0105,5,36
C0105,6,36
C0105,7,29
C0105,8,28
C0105,9,37
C0105,10,33
C0105,11,35
C0105,12,39
C0105,13,21
C0105,14,24
C0105,15,28
C0105,16,23
C0105,17,27
C0105,18,42
C0105,19,29
C0105,20,22
C0105,21,14
C0105,22,28
C0105,23,32
C0105,24,24
C0105,25,39
C0105,26,40
C0106,1,61
C0106,2,68
C0106,3,68
C0106,4,53
C0106,5,69
C0106,6,69
C0106,7,72
C0106,8,50
C0106,9,59
C0106,10,77
C0106,11,68
C0106,12,53
C0106,13,57
C0106,14,70
C0106,15,55
C0106,16,56
C0106,17,72
C0106,18,62
C0106,19,54
C0106,20,77
C0106,21,49
C0106,22,54
C0106,23,48
C0106,24,68
C0106,25,55
C0106,26,60
C0107,1,23
C0107,2,15
C0107,3,18
C0107,4,24
C0107,5,18
C0107,6,18
C0107,7,25
C0107,8,33
C0107,9,19
C0107,10,31
C0107,11,17
C0107,12,11
C0107,13,30
C0107,14,19
C0107,15,36
C0107,16,14
C0107,17,15
C0107,18,18
C0107,19,11
C0107,20,2
C0107,21,3
C0107,22,2
C0107,23,6
C0107,24,0
C0107,25,4
C0107,26,2
C0108,1,53
C0108,2,52
C0108,3,50
C0108,4,43
C0108,5,29
C0108,6,62
C0108,7,63
C0108,8,59
C0108,9,45
C0108,10,58
C0108,11,56
C0108,12,42
C0108,13,49
C0108,14,56
C0108,15,43
C0108,16,53
C0108,17,47
C0108,18,57
C0108,19,59
C0108,20,65
C0108,21,40
C0108,22,47
C0108,23,56
C0108,24,66
C0108,25,46
C0108,26,62
C0109,1,13
C0109,2,14
C0109,3,5
C0109,4,16
C0109,5,10
C0109,6,12
C0109,7,7
C0109,8,23
C0109,9,13
C0109,10,14
C0109,11,7
C0109,12,3
C0109,13,5
C0109,14,11
C0109,15,6
C0109,16,11
C0109,17,3
C0109,18,5
C0109,19,5
C0109,20,4
C0109,21,6
C0109,22,6
C0109,23,5
C0109,24,7
C0109,25,11
C0109,26,9
C0110,1,56
C0110,2,66
C0110,3,46
C0110,4,63
C0110,5,53
C0110,6,49
C0110,7,57
C0110,8,60
C0110,9,48
C0110,10,66
C0110,11,53
C0110,12,42
C0110,13,43
C0110,14,61
C0110,15,48
C0110,16,53
C0110,17,53
C0110,18,51
C0110,19,60
C0110,20,48
C0110,21,43
C0110,22,33
C0110,23,51
C0110,24,50
C0110,25,62
C0110,26,46
C0111,1,19
C0111,2,16
C0111,3,26
C0111,4,21
C0111,5,26
C0111,6,22
C0111,7,22
C0111,8,17
C0111,9,17
C0111,10,18
C0111,11,22
C0111,12,19
C0111,13,16
C0111,14,17
C0111,15,13
C0111,16,2
C0111,17,7
C0111,18,5
C0111,19,8
C0111,20,7
C0111,21,5
C0111,22,10
C0111,23,9
C0111,24,8
C0111,25,11
C0111,26,6
C0112,1,91
C0112,2,88
C0112,3,83
C0112,4,91
C0112,5,82
C0112,6,96
C0112,7,103
C0112,8,86
C0112,9,87
C0112,10,73
C0112,11,71
C0112,12,95
C0112,13,86
C0112,14,81
C0112,15,86
C0112,16,94
C0112,17,77
C0112,18,66
C0112,19,92
C0112,20,92
C0112,21,92
C0112,22,82
C0112,23,81
C0112,24,85
C0112,25,96
C0112,26,81
C0113,1,32
C0113,2,34
C0113,3,28
C0113,4,33
C0113,5,21
C0113,6,31
C0113,7,13
C0113,8,40
C0113,9,36
C0113,10,34
C0113,11,34
C0113,12,31
C0113,13,42
C0113,14,41
C0113,15,29
C0113,16,26
C0113,17,27
C0113,18,21
C0113,19,27
C0113,20,18
C0113,21,14
C0113,22,13
C0113,23,17
C0113,24,18
C0113,25,4
C0113,26,15
C0114,1,40
C0114,2,41
C0114,3,37
C0114,4,51
C0114,5,43
C0114,6,45
C0114,7,42
C0114,8,44
C0114,9,36
C0114,10,38
C0114,11,43
C0114,12,30
C0114,13,37
C0114,14,43
C0114,15,43
C0114,16,38
C0114,17,57
C0114,18,42
C0114,19,38
C0114,20,31
C0114,21,39
C0114,22,52
C0114,23,44
C0114,24,33
C0114,25,44
C0114,26,45
C0115,1,23
C0115,2,24
C0115,3,25
C0115,4,24
C0115,5,29
C0115,6,12
C0115,7,19
C0115,8,22
C0115,9,24
C0115,10,21
C0115,11,20
C0115,12,25
C0115,13,22
C0115,14,30
C0115,15,27
C0115,16,19
C0115,17,24
C0115,18,23
C0115,19,19
C0115,20,22
C0115,21,29
C0115,22,24
C0115,23,26
C0115,24,24
C0115,25,16
C0115,26,25
C0116,1,44
C0116,2,37
C0116,3,34
C0116,4,38
C0116,5,28
C0116,6,36
C0116,7,35
C0116,8,30
C0116,9,34
C0116,10,39
C0116,11,39
C0116,12,19
C0116,13,42
C0116,14,30
C0116,15,18
C0116,16,7
C0116,17,5
C0116,18,10
C0116,19,10
C0116,20,6
C0116,21,4
C0116,22,9
C0116,23,12
C0116,24,8
C0116,25,10
C0116,26,6
C0117,1,23
C0117,2,22
C0117,3,18
C0117,4,27
C0117,5,11
C0117,6,17
C0117,7,22
C0117,8,26
C0117,9,24
C0117,10,21
C0117,11,30
C0117,12,19
C0117,13,25
C0117,14,24
C0117,15,21
C0117,16,20
C0117,17,22
C0117,18,18
C0117,19,22
C0117,20,33
C0117,21,22
C0117,22,17
C0117,23,21
C0117,24,22
C0117,25,21
C0117,26,17
C0118,1,27
C0118,2,22
C0118,3,33
C0118,4,23
C0118,5,25
C0118,6,28
C0118,7,23
C0118,8,32
C0118,9,16
C0118,10,27
C0118,11,20
C0118,12,29
C0118,13,33
C0118,14,16
C0118,15,22
C0118,16,29
C0118,17,23
C0118,18,19
C0118,19,40
C0118,20,26
C0118,21,32
C0118,22,39
C0118,23,32
C0118,24,30
C0118,25,34
C0118,26,41
C0119,1,49
C0119,2,66
C0119,3,50
C0119,4,66
C0119,5,51
C0119,6,41
C0119,7,49
C0119,8,59
C0119,9,67
C0119,10,68
C0119,11,60
C0119,12,63
C0119,13,34
C0119,14,60
C0119,15,58
C0119,16,55
C0119,17,52
C0119,18,66
C0119,19,68
C0119,20,76
C0119,21,57
C0119,22,52
C0119,23,76
C0119,24,56
C0119,25,55
C0119,26,47
C0120,1,31
C0120,2,30
C0120,3,49
C0120,4,24
C0120,5,35
C0120,6,13
C0120,7,28
C0120,8,24
C0120,9,32
C0120,10,19
C0120,11,32
C0120,12,36
C0120,13,32
C0120,14,34
C0120,15,32
C0120,16,30
C0120,17,42
C0120,18,34
C0120,19,34
C0120,20,39
C0120,21,28
C0120,22,40
C0120,23,35
C0120,24,40
C0120,25,34
C0120,26,21
C0121,1,17
C0121,2,9
C0121,3,17
C0121,4,17
C0121,5,20
C0121,6,14
C0121,7,9
C0121,8,24
C0121,9,11
C0121,10,12
C0121,11,21
C0121,12,15
C0121,13,15
C0121,14,18
C0121,15,9
C0121,16,11
C0121,17,5
C0121,18,3
C0121,19,5
C0121,20,2
C0121,21,0
C0121,22,4
C0121,23,3
C0121,24,7
C0121,25,0
C0121,26,4
C0122,1,45
C0122,2,55
C0122,3,59
C0122,4,52
C0122,5,63
C0122,6,59
C0122,7,60
C0122,8,53
C0122,9,60
C0122,10,62
C0122,11,40
C0122,12,66
C0122,13,52
C0122,14,62
C0122,15,37
C0122,16,53
C0122,17,42
C0122,18,56
C0122,19,59
C0122,20,61
C0122,21,57
C0122,22,46
C0122,23,68
C0122,24,45
C0122,25,54
C0122,26,50
C0123,1,36
C0123,2,39
C0123,3,45
C0123,4,24
C0123,5,32
C0123,6,39
C0123,7,30
C0123,8,48
C0123,9,46
C0123,10,32
C0123,11,39
C0123,12,32
C0123,13,38
C0123,14,37
C0123,15,41
C0123,16,34
C0123,17,41
C0123,18,35
C0123,19,39
C0123,20,42
C0123,21,41
C0123,22,41
C0123,23,34
C0123,24,27
C0123,25,50
C0123,26,44
C0124,1,46
C0124,2,49
C0124,3,41
C0124,4,60
C0124,5,24
C0124,6,39
C0124,7,48
C0124,8,47
C0124,9,32
C0124,10,43
C0124,11,37
C0124,12,51
C0124,13,25
C0124,14,50
C0124,15,46
C0124,16,49
C0124,17,39
C0124,18,46
C0124,19,43
C0124,20,46
C0124,21,46
C0124,22,42
C0124,23,45
C0124,24,44
C0124,25,42
C0124,26,30
C0125,1,40
C0125,2,39
C0125,3,33
C0125,4,32
C0125,5,38
C0125,6,39
C0125,7,31
C0125,8,32
C0125,9,50
C0125,10,25
C0125,11,50
C0125,12,41
C0125,13,29
C0125,14,41
C0125,15,37
C0125,16,33
C0125,17,39
C0125,18,24
C0125,19,31
C0125,20,43
C0125,21,28
C0125,22,30
C0125,23,35
C0125,24,24
C0125,25,27
C0125,26,37
C0126,1,42
C0126,2,29
C0126,3,43
C0126,4,37
C0126,5,37
C0126,6,34
C0126,7,41
C0126,8,48
C0126,9,47
C0126,10,34
C0126,11,43
C0126,12,41
C0126,13,26
C0126,14,48
C0126,15,36
C0126,16,45
C0126,17,35
C0126,18,47
C0126,19,50
C0126,20,43
C0126,21,45
C0126,22,36
C0126,23,38
C0126,24,32
C0126,25,48
C0126,26,49
C0127,1,29
C0127,2,27
C0127,3,26
C0127,4,24
C0127,5,33
C0127,6,30
C0127,7,29
C0127,8,37
C0127,9,37
C0127,10,32
C0127,11,19
C0127,12,34
C0127,13,19
C0127,14,25
C0127,15,30
C0127,16,41
C0127,17,15
C0127,18,21
C0127,19,26
C0127,20,35
C0127,21,20
C0127,22,26
C0127,23,39
C0127,24,36
C0127,25,27
C0127,26,37
C0128,1,59
C0128,2,52
C0128,3,41
C0128,4,47
C0128,5,50
C0128,6,36
C0128,7,42
C0128,8,60
C0128,9,38
C0128,10,51
C0128,11,50
C0128,12,55
C0128,13,41
C0128,14,41
C0128,15,41
C0128,16,30
C0128,17,37
C0128,18,29
C0128,19,33
C0128,20,22
C0128,21,32
C0128,22,43
C0128,23,28
C0128,24,22
C0128,25,35
C0128,26,26
C0129,1,47
C0129,2,39
C0129,3,21
C0129,4,47
C0129,5,30
C0129,6,53
C0129,7,47
C0129,8,50
C0129,9,58
C0129,10,38
C0129,11,27
C0129,12,35
C0129,13,27
C0129,14,26
C0129,15,26
C0129,16,17
C0129,17,40
C0129,18,32
C0129,19,26
C0129,20,32
C0129,21,41
C0129,22,33
C0129,23,34
C0129,24,22
C0129,25,32
C0129,26,23
C0130,1,25
C0130,2,24
C0130,3,20
C0130,4,25
C0130,5,27
C0130,6,31
C0130,7,27
C0130,8,24
C0130,9,21
C0130,10,28
C0130,11,24
C0130,12,35
C0130,13,28
C0130,14,26
C0130,15,27
C0130,16,17
C0130,17,40
C0130,18,29
C0130,19,20
C0130,20,15
C0130,21,13
C0130,22,23
C0130,23,15
C0130,24,9
C0130,25,16
C0130,26,13
C0131,1,28
C0131,2,31
C0131,3,20
C0131,4,34
C0131,5,24
C0131,6,27
C0131,7,25
C0131,8,19
C0131,9,27
C0131,10,26
C0131,11,21
C0131,12,29
C0131,13,27
C0131,14,21
C0131,15,16
C0131,16,20
C0131,17,14
C0131,18,14
C0131,19,11
C0131,20,6
C0131,21,11
C0131,22,11
C0131,23,9
C0131,24,10
C0131,25,16
C0131,26,11
C0132,1,14
C0132,2,16
C0132,3,11
C0132,4,13
C0132,5,13
C0132,6,9
C0132,7,10
C0132,8,1
C0132,9,11
C0132,10,5
C0132,11,9
C0132,12,11
C0132,13,15
C0132,14,7
C0132,15,8
C0132,16,14
C0132,17,6
C0132,18,11
C0132,19,7
C0132,20,6
C0132,21,4
C0132,22,0
C0132,23,3
C0132,24,4
C0132,25,3
C0132,26,2
C0133,1,28
C0133,2,20
C0133,3,17
C0133,4,19
C0133,5,9
C0133,6,21
C0133,7,23
C0133,8,19
C0133,9,18
C0133,10,27
C0133,11,22
C0133,12,23
C0133,13,23
C0133,14,21
C0133,15,21
C0133,16,5
C0133,17,9
C0133,18,1
C0133,19,8
C0133,20,17
C0133,21,5
C0133,22,6
C0133,23,9
C0133,24,12
C0133,25,12
C0133,26,7
C0134,1,126
C0134,2,158
C0134,3,137
C0134,4,117
C0134,5,128
C0134,6,142
C0134,7,117
C0134,8,132
C0134,9,127
C0134,10,124
C0134,11,110
C0134,12,153
C0134,13,127
C0134,14,127
C0134,15,124
C0134,16,116
C0134,17,118
C0134,18,122
C0134,19,101
C0134,20,107
C0134,21,70
C0134,22,70
C0134,23,49
C0134,24,43
C0134,25,32
C0134,26,35
C0135,1,32
C0135,2,19
C0135,3,41
C0135,4,23
C0135,5,25
C0135,6,26
C0135,7,34
C0135,8,33
C0135,9,32
C0135,10,36
C0135,11,26
C0135,12,33
C0135,13,28
C0135,14,24
C0135,15,16
C0135,16,18
C0135,17,14
C0135,18,17
C0135,19,16
C0135,20,14
C0135,21,18
C0135,22,11
C0135,23,8
C0135,24,7
C0135,25,16
C0135,26,10
C0136,1,113
C0136,2,111
C0136,3,103
C0136,4,107
C0136,5,96
C0136,6,103
C0136,7,107
C0136,8,93
C0136,9,89
C0136,10,93
C0136,11,92
C0136,12,85
C0136,13,97
C0136,14,129
C0136,15,104
C0136,16,94
C0136,17,106
C0136,18,27
C0136,19,11
C0136,20,13
C0136,21,24
C0136,22,23
C0136,23,22
C0136,24,19
C0136,25,22
C0136,26,24
C0137,1,18
C0137,2,20
C0137,3,11
C0137,4,18
C0137,5,19
C0137,6,17
C0137,7,21
C0137,8,22
C0137,9,22
C0137,10,15
C0137,11,20
C0137,12,12
C0137,13,18
C0137,14,22
C0137,15,17
C0137,16,15
C0137,17,23
C0137,18,16
C0137,19,13
C0137,20,3
C0137,21,17
C0137,22,7
C0137,23,7
C0137,24,7
C0137,25,8
C0137,26,13
C0138,1,31
C0138,2,30
C0138,3,30
C0138,4,43
C0138,5,45
C0138,6,30
C0138,7,28
C0138,8,23
C0138,9,36
C0138,10,22
C0138,11,38
C0138,12,25
C0138,13,31
C0138,14,44
C0138,15,31
C0138,16,30
C0138,17,36
C0138,18,42
C0138,19,39
C0138,20,37
C0138,21,39
C0138,22,33
C0138,23,34
C0138,24,35
C0138,25,47
C0138,26,35
C0139,1,65
C0139,2,48
C0139,3,66
C0139,4,49
C0139,5,39
C0139,6,41
C0139,7,60
C0139,8,58
C0139,9,47
C0139,10,52
C0139,11,56
C0139,12,56
C0139,13,43
C0139,14,62
C0139,15,48
C0139,16,38
C0139,17,35
C0139,18,52
C0139,19,57
C0139,20,59
C0139,21,54
C0139,22,49
C0139,23,59
C0139,24,74
C0139,25,53
C0139,26,52
C0140,1,37
C0140,2,35
C0140,3,36
C0140,4,32
C0140,5,42
C0140,6,36
C0140,7,27
C0140,8,24
C0140,9,34
C0140,10,30
C0140,11,25
C0140,12,24
C0140,13,27
C0140,14,25
C0140,15,30
C0140,16,38
C0140,17,28
C0140,18,5
C0140,19,7
C0140,20,14
C0140,21,9
C0140,22,9
C0140,23,8
C0140,24,13
C0140,25,13
C0140,26,6
C0141,1,40
C0141,2,40
C0141,3,31
C0141,4,46
C0141,5,37
C0141,6,41
C0141,7,37
C0141,8,36
C0141,9,35
C0141,10,50
C0141,11,19
C0141,12,45
C0141,13,47
C0141,14,19
C0141,15,25
C0141,16,33
C0141,17,33
C0141,18,33
C0141,19,34
C0141,20,36
C0141,21,37
C0141,22,52
C0141,23,38
C0141,24,30
C0141,25,38
C0141,26,32
C0142,1,12
C0142,2,17
C0142,3,5
C0142,4,21
C0142,5,12
C0142,6,17
C0142,7,16
C0142,8,12
C0142,9,20
C0142,10,18
C0142,11,7
C0142,12,13
C0142,13,24
C0142,14,24
C0142,15,21
C0142,16,20
C0142,17,16
C0142,18,23
C0142,19,20
C0142,20,20
C0142,21,15
C0142,22,20
C0142,23,20
C0142,24,18
C0142,25,18
C0142,26,12
C0143,1,64
C0143,2,47
C0143,3,54
C0143,4,63
C0143,5,51
C0143,6,67
C0143,7,78
C0143,8,55
C0143,9,59
C0143,10,48
C0143,11,70
C0143,12,50
C0143,13,46
C0143,14,54
C0143,15,9
C0143,16,5
C0143,17,13
C0143,18,13
C0143,19,12
C0143,20,15
C0143,21,9
C0143,22,9
C0143,23,8
C0143,24,9
C0143,25,2
C0143,26,11
C0144,1,17
C0144,2,18
C0144,3,15
C0144,4,17
C0144,5,14
C0144,6,20
C0144,7,18
C0144,8,21
C0144,9,15
C0144,10,16
C0144,11,18
C0144,12,14
C0144,13,9
C0144,14,13
C0144,15,6
C0144,16,11
C0144,17,9
C0144,18,6
C0144,19,9
C0144,20,13
C0144,21,5
C0144,22,6
C0144,23,8
C0144,24,5
C0144,25,9
C0144,26,8
C0145,1,48
C0145,2,36
C0145,3,36
C0145,4,35
C0145,5,54
C0145,6,45
C0145,7,39
C0145,8,45
C0145,9,28
C0145,10,15
C0145,11,42
C0145,12,36
C0145,13,43
C0145,14,35
C0145,15,45
C0145,16,48
C0145,17,43
C0145,18,42
C0145,19,36
C0145,20,28
C0145,21,37
C0145,22,14
C0145,23,45
C0145,24,38
C0145,25,28
C0145,26,41
C0146,1,17
C0146,2,35
C0146,3,27
C0146,4,33
C0146,5,37
C0146,6,32
C0146,7,37
C0146,8,29
C0146,9,40
C0146,10,37
C0146,11,29
C0146,12,42
C0146,13,33
C0146,14,40
C0146,15,29
C0146,16,36
C0146,17,41
C0146,18,27
C0146,19,34
C0146,20,37
C0146,21,35
C0146,22,27
C0146,23,39
C0146,24,27
C0146,25,25
C0146,26,33
C0147,1,20
C0147,2,13
C0147,3,22
C0147,4,21
C0147,5,12
C0147,6,18
C0147,7,25
C0147,8,20
C0147,9,28
C0147,10,21
C0147,11,13
C0147,12,17
C0147,13,14
C0147,14,20
C0147,15,24
C0147,16,12
C0147,17,21
C0147,18,17
C0147,19,13
C0147,20,6
C0147,21,21
C0147,22,16
C0147,23,17
C0147,24,19
C0147,25,17
C0147,26,17
C0148,1,20
C0148,2,16
C0148,3,12
C0148,4,15
C0148,5,15
C0148,6,15
C0148,7,17
C0148,8,11
C0148,9,11
C0148,10,11
C0148,11,19
C0148,12,9
C0148,13,11
C0148,14,11
C0148,15,10
C0148,16,15
C0148,17,13
C0148,18,13
C0148,19,11
C0148,20,9
C0148,21,20
C0148,22,15
C0148,23,13
C0148,24,13
C0148,25,21
C0148,26,15
C0149,1,42
C0149,2,48
C0149,3,51
C0149,4,62
C0149,5,47
C0149,6,39
C0149,7,39
C0149,8,35
C0149,9,55
C0149,10,44
C0149,11,40
C0149,12,53
C0149,13,55
C0149,14,42
C0149,15,40
C0149,16,46
C0149,17,31
C0149,18,48
C0149,19,49
C0149,20,45
C0149,21,49
C0149,22,43
C0149,23,45
C0149,24,54
C0149,25,44
C0149,26,55
C0150,1,30
C0150,2,25
C0150,3,21
C0150,4,17
C0150,5,25
C0150,6,31
C0150,7,22
C0150,8,29
C0150,9,25
C0150,10,30
C0150,11,6
C0150,12,12
C0150,13,10
C0150,14,10
C0150,15,13
C0150,16,11
C0150,17,15
C0150,18,12
C0150,19,15
C0150,20,18
C0150,21,12
C0150,22,10
C0150,23,8
C0150,24,15
C0150,25,19
C0150,26,10
C0151,1,14
C0151,2,31
C0151,3,21
C0151,4,30
C0151,5,22
C0151,6,21
C0151,7,26
C0151,8,25
C0151,9,34
C0151,10,25
C0151,11,29
C0151,12,33
C0151,13,23
C0151,14,31
C0151,15,35
C0151,16,38
C0151,17,28
C0151,18,27
C0151,19,20
C0151,20,12
C0151,21,9
C0151,22,8
C0151,23,7
C0151,24,5
C0151,25,3
C0151,26,6
C0152,1,28
C0152,2,32
C0152,3,32
C0152,4,33
C0152,5,23
C0152,6,18
C0152,7,24
C0152,8,34
C0152,9,24
C0152,10,30
C0152,11,38
C0152,12,24
C0152,13,29
C0152,14,16
C0152,15,33
C0152,16,25
C0152,17,38
C0152,18,23
C0152,19,27
C0152,20,21
C0152,21,24
C0152,22,20
C0152,23,25
C0152,24,32
C0152,25,18
C0152,26,22
C0153,1,51
C0153,2,57
C0153,3,44
C0153,4,48
C0153,5,58
C0153,6,56
C0153,7,33
C0153,8,55
C0153,9,53
C0153,10,52
C0153,11,48
C0153,12,50
C0153,13,47
C0153,14,42
C0153,15,52
C0153,16,46
C0153,17,42
C0153,18,28
C0153,19,23
C0153,20,30
C0153,21,24
C0153,22,23
C0153,23,19
C0153,24,22
C0153,25,26
C0153,26,18
C0154,1,51
C0154,2,57
C0154,3,60
C0154,4,83
C0154,5,51
C0154,6,69
C0154,7,63
C0154,8,57
C0154,9,52
C0154,10,54
C0154,11,69
C0154,12,72
C0154,13,78
C0154,14,57
C0154,15,46
C0154,16,72
C0154,17,71
C0154,18,78
C0154,19,49
C0154,20,81
C0154,21,68
C0154,22,86
C0154,23,66
C0154,24,81
C0154,25,62
C0154,26,88
C0155,1,28
C0155,2,26
C0155,3,26
C0155,4,23
C0155,5,27
C0155,6,30
C0155,7,24
C0155,8,21
C0155,9,22
C0155,10,31
C0155,11,28
C0155,12,32
C0155,13,33
C0155,14,15
C0155,15,22
C0155,16,23
C0155,17,20
C0155,18,17
C0155,19,20
C0155,20,20
C0155,21,20
C0155,22,26
C0155,23,24
C0155,24,28
C0155,25,25
C0155,26,16
C0156,1,22
C0156,2,25
C0156,3,28
C0156,4,33
C0156,5,29
C0156,6,25
C0156,7,27
C0156,8,31
C0156,9,29
C0156,10,31
C0156,11,24
C0156,12,31
C0156,13,24
C0156,14,26
C0156,15,25
C0156,16,11
C0156,17,13
C0156,18,15
C0156,19,15
C0156,20,18
C0156,21,4
C0156,22,7
C0156,23,18
C0156,24,17
C0156,25,22
C0156,26,13
C0157,1,38
C0157,2,29
C0157,3,31
C0157,4,31
C0157,5,23
C0157,6,29
C0157,7,30
C0157,8,29
C0157,9,23
C0157,10,27
C0157,11,21
C0157,12,33
C0157,13,28
C0157,14,37
C0157,15,33
C0157,16,26
C0157,17,29
C0157,18,25
C0157,19,22
C0157,20,36
C0157,21,37
C0157,22,29
C0157,23,17
C0157,24,32
C0157,25,27
C0157,26,22
C0158,1,24
C0158,2,27
C0158,3,18
C0158,4,19
C0158,5,9
C0158,6,15
C0158,7,25
C0158,8,32
C0158,9,9
C0158,10,23
C0158,11,18
C0158,12,26
C0158,13,16
C0158,14,23
C0158,15,17
C0158,16,18
C0158,17,29
C0158,18,33
C0158,19,13
C0158,20,23
C0158,21,20
C0158,22,23
C0158,23,25
C0158,24,19
C0158,25,15
C0158,26,20
C0159,1,33
C0159,2,29
C0159,3,33
C0159,4,28
C0159,5,31
C0159,6,14
C0159,7,31
C0159,8,19
C0159,9,24
C0159,10,38
C0159,11,26
C0159,12,25
C0159,13,36
C0159,14,32
C0159,15,26
C0159,16,32
C0159,17,16
C0159,18,32
C0159,19,24
C0159,20,38
C0159,21,39
C0159,22,32
C0159,23,35
C0159,24,37
C0159,25,34
C0159,26,29
C0160,1,21
C0160,2,15
C0160,3,25
C0160,4,27
C0160,5,25
C0160,6,18
C0160,7,15
C0160,8,34
C0160,9,20
C0160,10,20
C0160,11,27
C0160,12,24
C0160,13,13
C0160,14,19
C0160,15,20
C0160,16,17
C0160,17,15
C0160,18,26
C0160,19,21
C0160,20,21
C0160,21,21
C0160,22,13
C0160,23,13
C0160,24,8
C0160,25,13
C0160,26,11
C0161,1,31
C0161,2,38
C0161,3,31
C0161,4,40
C0161,5,58
C0161,6,20
C0161,7,44
C0161,8,22
C0161,9,34
C0161,10,32
C0161,11,44
C0161,12,40
C0161,13,36
C0161,14,40
C0161,15,27
C0161,16,41
C0161,17,35
C0161,18,23
C0161,19,44
C0161,20,45
C0161,21,42
C0161,22,34
C0161,23,34
C0161,24,26
C0161,25,31
C0161,26,45
C0162,1,26
C0162,2,28
C0162,3,44
C0162,4,25
C0162,5,37
C0162,6,24
C0162,7,43
C0162,8,36
C0162,9,46
C0162,10,42
C0162,11,55
C0162,12,34
C0162,13,21
C0162,14,38
C0162,15,43
C0162,16,31
C0162,17,27
C0162,18,28
C0162,19,37
C0162,20,43
C0162,21,29
C0162,22,27
C0162,23,31
C0162,24,30
C0162,25,35
C0162,26,27
C0163,1,24
C0163,2,22
C0163,3,12
C0163,4,20
C0163,5,27
C0163,6,21
C0163,7,17
C0163,8,28
C0163,9,24
C0163,10,16
C0163,11,19
C0163,12,20
C0163,13,17
C0163,14,27
C0163,15,19
C0163,16,23
C0163,17,32
C0163,18,19
C0163,19,17
C0163,20,23
C0163,21,20
C0163,22,21
C0163,23,18
C0163,24,14
C0163,25,21
C0163,26,16
C0164,1,30
C0164,2,42
C0164,3,27
C0164,4,30
C0164,5,19
C0164,6,35
C0164,7,36
C0164,8,45
C0164,9,37
C0164,10,43
C0164,11,25
C0164,12,44
C0164,13,43
C0164,14,41
C0164,15,38
C0164,16,29
C0164,17,44
C0164,18,33
C0164,19,35
C0164,20,36
C0164,21,29
C0164,22,40
C0164,23,37
C0164,24,33
C0164,25,28
C0164,26,34
C0165,1,34
C0165,2,34
C0165,3,31
C0165,4,25
C0165,5,12
C0165,6,18
C0165,7,18
C0165,8,29
C0165,9,34
C0165,10,32
C0165,11,0
C0165,12,21
C0165,13,9
C0165,14,7
C0165,15,12
C0165,16,12
C0165,17,8
C0165,18,3
C0165,19,6
C0165,20,9
C0165,21,9
C0165,22,7
C0165,23,13
C0165,24,4
C0165,25,9
C0165,26,10
C0166,1,67
C0166,2,74
C0166,3,51
C0166,4,77
C0166,5,74
C0166,6,92
C0166,7,83
C0166,8,87
C0166,9,86
C0166,10,76
C0166,11,86
C0166,12,91
C0166,13,96
C0166,14,60
C0166,15,77
C0166,16,79
C0166,17,49
C0166,18,21
C0166,19,18
C0166,20,18
C0166,21,19
C0166,22,24
C0166,23,23
C0166,24,16
C0166,25,23
C0166,26,21
C0167,1,55
C0167,2,66
C0167,3,79
C0167,4,72
C0167,5,63
C0167,6,57
C0167,7,64
C0167,8,55
C0167,9,82
C0167,10,76
C0167,11,65
C0167,12,83
C0167,13,62
C0167,14,56
C0167,15,43
C0167,16,58
C0167,17,47
C0167,18,52
C0167,19,67
C0167,20,65
C0167,21,54
C0167,22,57
C0167,23,60
C0167,24,64
C0167,25,67
C0167,26,62
C0168,1,18
C0168,2,18
C0168,3,19
C0168,4,21
C0168,5,17
C0168,6,18
C0168,7,16
C0168,8,30
C0168,9,19
C0168,10,18
C0168,11,26
C0168,12,16
C0168,13,21
C0168,14,18
C0168,15,6
C0168,16,12
C0168,17,10
C0168,18,7
C0168,19,12
C0168,20,12
C0168,21,14
C0168,22,18
C0168,23,16
C0168,24,12
C0168,25,8
C0168,26,11
C0169,1,57
C0169,2,66
C0169,3,62
C0169,4,73
C0169,5,53
C0169,6,56
C0169,7,52
C0169,8,78
C0169,9,49
C0169,10,46
C0169,11,69
C0169,12,61
C0169,13,51
C0169,14,52
C0169,15,51
C0169,16,69
C0169,17,55
C0169,18,66
C0169,19,78
C0169,20,60
C0169,21,62
C0169,22,67
C0169,23,67
C0169,24,65
C0169,25,68
C0169,26,65
C0170,1,36
C0170,2,33
C0170,3,25
C0170,4,33
C0170,5,31
C0170,6,29
C0170,7,33
C0170,8,21
C0170,9,24
C0170,10,38
C0170,11,31
C0170,12,20
C0170,13,43
C0170,14,44
C0170,15,33
C0170,16,28
C0170,17,31
C0170,18,32
C0170,19,30
C0170,20,29
C0170,21,34
C0170,22,25
C0170,23,30
C0170,24,30
C0170,25,26
C0170,26,31
C0171,1,28
C0171,2,31
C0171,3,31
C0171,4,29
C0171,5,29
C0171,6,25
C0171,7,16
C0171,8,31
C0171,9,32
C0171,10,31
C0171,11,34
C0171,12,27
C0171,13,28
C0171,14,31
C0171,15,36
C0171,16,22
C0171,17,17
C0171,18,12
C0171,19,15
C0171,20,11
C0171,21,16
C0171,22,9
C0171,23,10
C0171,24,19
C0171,25,16
C0171,26,19
C0172,1,12
C0172,2,25
C0172,3,28
C0172,4,23
C0172,5,24
C0172,6,42
C0172,7,23
C0172,8,41
C0172,9,41
C0172,10,32
C0172,11,30
C0172,12,36
C0172,13,19
C0172,14,26
C0172,15,24
C0172,16,26
C0172,17,19
C0172,18,28
C0172,19,20
C0172,20,23
C0172,21,22
C0172,22,23
C0172,23,33
C0172,24,25
C0172,25,25
C0172,26,25
C0173,1,36
C0173,2,32
C0173,3,18
C0173,4,25
C0173,5,21
C0173,6,32
C0173,7,27
C0173,8,30
C0173,9,32
C0173,10,18
C0173,11,31
C0173,12,43
C0173,13,35
C0173,14,43
C0173,15,12
C0173,16,24
C0173,17,30
C0173,18,18
C0173,19,36
C0173,20,34
C0173,21,22
C0173,22,34
C0173,23,34
C0173,24,22
C0173,25,18
C0173,26,25
C0174,1,121
C0174,2,91
C0174,3,102
C0174,4,97
C0174,5,112
C0174,6,114
C0174,7,88
C0174,8,108
C0174,9,88
C0174,10,114
C0174,11,116
C0174,12,117
C0174,13,108
C0174,14,70
C0174,15,35
C0174,16,39
C0174,17,50
C0174,18,38
C0174,19,40
C0174,20,35
C0174,21,37
C0174,22,31
C0174,23,45
C0174,24,33
C0174,25,37
C0174,26,35
C0175,1,26
C0175,2,31
C0175,3,23
C0175,4,30
C0175,5,34
C0175,6,22
C0175,7,22
C0175,8,17
C0175,9,32
C0175,10,22
C0175,11,30
C0175,12,26
C0175,13,13
C0175,14,10
C0175,15,13
C0175,16,12
C0175,17,5
C0175,18,17
C0175,19,11
C0175,20,11
C0175,21,13
C0175,22,14
C0175,23,9
C0175,24,13
C0175,25,4
C0175,26,14
C0176,1,59
C0176,2,64
C0176,3,79
C0176,4,73
C0176,5,50
C0176,6,63
C0176,7,68
C0176,8,60
C0176,9,73
C0176,10,71
C0176,11,71
C0176,12,83
C0176,13,59
C0176,14,74
C0176,15,69
C0176,16,69
C0176,17,65
C0176,18,45
C0176,19,48
C0176,20,23
C0176,21,27
C0176,22,28
C0176,23,27
C0176,24,17
C0176,25,28
C0176,26,21
C0177,1,26
C0177,2,19
C0177,3,30
C0177,4,31
C0177,5,32
C0177,6,23
C0177,7,24
C0177,8,19
C0177,9,25
C0177,10,25
C0177,11,27
C0177,12,27
C0177,13,20
C0177,14,19
C0177,15,27
C0177,16,24
C0177,17,13
C0177,18,20
C0177,19,22
C0177,20,15
C0177,21,16
C0177,22,14
C0177,23,13
C0177,24,15
C0177,25,19
C0177,26,28
C0178,1,53
C0178,2,54
C0178,3,57
C0178,4,49
C0178,5,58
C0178,6,70
C0178,7,52
C0178,8,55
C0178,9,49
C0178,10,51
C0178,11,41
C0178,12,33
C0178,13,36
C0178,14,34
C0178,15,26
C0178,16,50
C0178,17,33
C0178,18,16
C0178,19,27
C0178,20,33
C0178,21,28
C0178,22,37
C0178,23,40
C0178,24,40
C0178,25,26
C0178,26,45
C0179,1,42
C0179,2,55
C0179,3,47
C0179,4,44
C0179,5,42
C0179,6,34
C0179,7,47
C0179,8,71
C0179,9,30
C0179,10,33
C0179,11,23
C0179,12,27
C0179,13,27
C0179,14,17
C0179,15,17
C0179,16,13
C0179,17,22
C0179,18,10
C0179,19,21
C0179,20,13
C0179,21,14
C0179,22,18
C0179,23,16
C0179,24,19
C0179,25,13
C0179,26,15
C0180,1,52
C0180,2,56
C0180,3,38
C0180,4,74
C0180,5,37
C0180,6,50
C0180,7,43
C0180,8,50
C0180,9,53
C0180,10,50
C0180,11,37
C0180,12,51
C0180,13,48
C0180,14,50
C0180,15,42
C0180,16,37
C0180,17,41
C0180,18,26
C0180,19,16
C0180,20,24
C0180,21,32
C0180,22,25
C0180,23,29
C0180,24,19
C0180,25,20
C0180,26,29
C0181,1,43
C0181,2,31
C0181,3,39
C0181,4,28
C0181,5,39
C0181,6,33
C0181,7,34
C0181,8,27
C0181,9,42
C0181,10,44
C0181,11,41
C0181,12,26
C0181,13,41
C0181,14,26
C0181,15,51
C0181,16,38
C0181,17,44
C0181,18,33
C0181,19,32
C0181,20,48
C0181,21,34
C0181,22,32
C0181,23,33
C0181,24,16
C0181,25,50
C0181,26,32
C0182,1,44
C0182,2,48
C0182,3,33
C0182,4,38
C0182,5,46
C0182,6,30
C0182,7,34
C0182,8,41
C0182,9,27
C0182,10,28
C0182,11,53
C0182,12,20
C0182,13,40
C0182,14,35
C0182,15,33
C0182,16,26
C0182,17,22
C0182,18,26
C0182,19,23
C0182,20,10
C0182,21,27
C0182,22,26
C0182,23,21
C0182,24,22
C0182,25,21
C0182,26,28
C0183,1,40
C0183,2,58
C0183,3,43
C0183,4,48
C0183,5,45
C0183,6,27
C0183,7,35
C0183,8,37
C0183,9,26
C0183,10,24
C0183,11,46
C0183,12,52
C0183,13,31
C0183,14,38
C0183,15,49
C0183,16,46
C0183,17,28
C0183,18,38
C0183,19,37
C0183,20,19
C0183,21,24
C0183,22,20
C0183,23,10
C0183,24,19
C0183,25,24
C0183,26,25
C0184,1,47
C0184,2,42
C0184,3,48
C0184,4,43
C0184,5,48
C0184,6,49
C0184,7,46
C0184,8,48
C0184,9,55
C0184,10,31
C0184,11,46
C0184,12,49
C0184,13,48
C0184,14,38
C0184,15,35
C0184,16,47
C0184,17,48
C0184,18,54
C0184,19,55
C0184,20,39
C0184,21,42
C0184,22,48
C0184,23,42
C0184,24,63
C0184,25,41
C0184,26,38
C0185,1,21
C0185,2,32
C0185,3,17
C0185,4,24
C0185,5,20
C0185,6,25
C0185,7,27
C0185,8,31
C0185,9,27
C0185,10,20
C0185,11,17
C0185,12,28
C0185,13,23
C0185,14,18
C0185,15,27
C0185,16,10
C0185,17,11
C0185,18,22
C0185,19,11
C0185,20,20
C0185,21,17
C0185,22,8
C0185,23,8
C0185,24,8
C0185,25,8
C0185,26,9
C0186,1,21
C0186,2,16
C0186,3,26
C0186,4,32
C0186,5,23
C0186,6,28
C0186,7,29
C0186,8,26
C0186,9,25
C0186,10,28
C0186,11,16
C0186,12,21
C0186,13,34
C0186,14,21
C0186,15,21
C0186,16,17
C0186,17,19
C0186,18,17
C0186,19,14
C0186,20,28
C0186,21,24
C0186,22,25
C0186,23,22
C0186,24,24
C0186,25,23
C0186,26,26
C0187,1,73
C0187,2,67
C0187,3,56
C0187,4,59
C0187,5,51
C0187,6,83
C0187,7,46
C0187,8,59
C0187,9,73
C0187,10,50
C0187,11,62
C0187,12,57
C0187,13,61
C0187,14,75
C0187,15,62
C0187,16,50
C0187,17,27
C0187,18,5
C0187,19,9
C0187,20,10
C0187,21,8
C0187,22,3
C0187,23,10
C0187,24,5
C0187,25,14
C0187,26,9
C0188,1,56
C0188,2,52
C0188,3,43
C0188,4,38
C0188,5,48
C0188,6,40
C0188,7,36
C0188,8,33
C0188,9,45
C0188,10,43
C0188,11,41
C0188,12,46
C0188,13,42
C0188,14,39
C0188,15,40
C0188,16,53
C0188,17,25
C0188,18,24
C0188,19,17
C0188,20,11
C0188,21,12
C0188,22,27
C0188,23,15
C0188,24,10
C0188,25,18
C0188,26,15
C0189,1,26
C0189,2,36
C0189,3,28
C0189,4,38
C0189,5,30
C0189,6,33
C0189,7,21
C0189,8,42
C0189,9,33
C0189,10,36
C0189,11,34
C0189,12,36
C0189,13,19
C0189,14,13
C0189,15,18
C0189,16,18
C0189,17,17
C0189,18,19
C0189,19,24
C0189,20,23
C0189,21,14
C0189,22,15
C0189,23,13
C0189,24,16
C0189,25,22
C0189,26,12
C0190,1,40
C0190,2,38
C0190,3,39
C0190,4,34
C0190,5,44
C0190,6,37
C0190,7,34
C0190,8,40
C0190,9,36
C0190,10,39
C0190,11,31
C0190,12,24
C0190,13,21
C0190,14,27
C0190,15,26
C0190,16,24
C0190,17,23
C0190,18,21
C0190,19,17
C0190,20,6
C0190,21,17
C0190,22,9
C0190,23,8
C0190,24,9
C0190,25,11
C0190,26,11
C0191,1,42
C0191,2,28
C0191,3,41
C0191,4,42
C0191,5,36
C0191,6,47
C0191,7,42
C0191,8,35
C0191,9,36
C0191,10,31
C0191,11,45
C0191,12,33
C0191,13,50
C0191,14,33
C0191,15,30
C0191,16,23
C0191,17,19
C0191,18,41
C0191,19,31
C0191,20,35
C0191,21,30
C0191,22,23
C0191,23,30
C0191,24,41
C0191,25,42
C0191,26,36
C0192,1,44
C0192,2,41
C0192,3,49
C0192,4,31
C0192,5,21
C0192,6,39
C0192,7,23
C0192,8,33
C0192,9,39
C0192,10,35
C0192,11,39
C0192,12,32
C0192,13,44
C0192,14,36
C0192,15,56
C0192,16,42
C0192,17,39
C0192,18,50
C0192,19,33
C0192,20,10
C0192,21,14
C0192,22,4
C0192,23,12
C0192,24,6
C0192,25,10
C0192,26,11
C0193,1,29
C0193,2,44
C0193,3,33
C0193,4,37
C0193,5,31
C0193,6,30
C0193,7,34
C0193,8,29
C0193,9,32
C0193,10,23
C0193,11,33
C0193,12,46
C0193,13,32
C0193,14,41
C0193,15,43
C0193,16,29
C0193,17,29
C0193,18,30
C0193,19,13
C0193,20,11
C0193,21,23
C0193,22,13
C0193,23,14
C0193,24,16
C0193,25,11
C0193,26,26
C0194,1,50
C0194,2,61
C0194,3,39
C0194,4,51
C0194,5,48
C0194,6,44
C0194,7,67
C0194,8,50
C0194,9,49
C0194,10,48
C0194,11,47
C0194,12,47
C0194,13,48
C0194,14,36
C0194,15,51
C0194,16,41
C0194,17,38
C0194,18,28
C0194,19,45
C0194,20,37
C0194,21,48
C0194,22,51
C0194,23,50
C0194,24,38
C0194,25,35
C0194,26,58
C0195,1,14
C0195,2,17
C0195,3,11
C0195,4,17
C0195,5,15
C0195,6,24
C0195,7,8
C0195,8,15
C0195,9,8
C0195,10,12
C0195,11,24
C0195,12,17
C0195,13,22
C0195,14,18
C0195,15,20
C0195,16,27
C0195,17,20
C0195,18,18
C0195,19,19
C0195,20,13
C0195,21,17
C0195,22,6
C0195,23,22
C0195,24,19
C0195,25,19
C0195,26,11
C0196,1,98
C0196,2,79
C0196,3,86
C0196,4,102
C0196,5,105
C0196,6,107
C0196,7,123
C0196,8,78
C0196,9,93
C0196,10,104
C0196,11,95
C0196,12,100
C0196,13,100
C0196,14,114
C0196,15,101
C0196,16,118
C0196,17,115
C0196,18,86
C0196,19,67
C0196,20,85
C0196,21,118
C0196,22,102
C0196,23,102
C0196,24,96
C0196,25,105
C0196,26,106
C0197,1,47
C0197,2,31
C0197,3,34
C0197,4,34
C0197,5,39
C0197,6,42
C0197,7,43
C0197,8,37
C0197,9,38
C0197,10,33
C0197,11,29
C0197,12,48
C0197,13,51
C0197,14,54
C0197,15,35
C0197,16,29
C0197,17,35
C0197,18,40
C0197,19,37
C0197,20,39
C0197,21,37
C0197,22,46
C0197,23,40
C0197,24,36
C0197,25,37
C0197,26,49
C0198,1,19
C0198,2,17
C0198,3,29
C0198,4,30
C0198,5,27
C0198,6,21
C0198,7,19
C0198,8,31
C0198,9,10
C0198,10,29
C0198,11,23
C0198,12,24
C0198,13,39
C0198,14,30
C0198,15,27
C0198,16,25
C0198,17,18
C0198,18,19
C0198,19,16
C0198,20,25
C0198,21,18
C0198,22,25
C0198,23,23
C0198,24,29
C0198,25,26
C0198,26,24
C0199,1,46
C0199,2,48
C0199,3,44
C0199,4,57
C0199,5,52
C0199,6,64
C0199,7,52
C0199,8,66
C0199,9,69
C0199,10,49
C0199,11,39
C0199,12,38
C0199,13,10
C0199,14,8
C0199,15,7
C0199,16,9
C0199,17,12
C0199,18,15
C0199,19,9
C0199,20,16
C0199,21,16
C0199,22,17
C0199,23,16
C0199,24,12
C0199,25,16
C0199,26,18
C0200,1,38
C0200,2,19
C0200,3,32
C0200,4,21
C0200,5,25
C0200,6,19
C0200,7,26
C0200,8,16
C0200,9,24
C0200,10,16
C0200,11,16
C0200,12,19
C0200,13,22
C0200,14,25
C0200,15,32
C0200,16,25
C0200,17,22
C0200,18,19
C0200,19,23
C0200,20,28
C0200,21,24
C0200,22,20
C0200,23,25
C0200,24,20
C0200,25,22
C0200,26,24
C0201,1,25
C0201,2,26
C0201,3,13
C0201,4,24
C0201,5,21
C0201,6,20
C0201,7,17
C0201,8,11
C0201,9,24
C0201,10,22
C0201,11,20
C0201,12,15
C0201,13,24
C0201,14,28
C0201,15,25
C0201,16,15
C0201,17,28
C0201,18,19
C0201,19,21
C0201,20,28
C0201,21,23
C0201,22,18
C0201,23,23
C0201,24,26
C0201,25,17
C0201,26,21
C0202,1,42
C0202,2,30
C0202,3,28
C0202,4,38
C0202,5,41
C0202,6,42
C0202,7,39
C0202,8,21
C0202,9,24
C0202,10,26
C0202,11,37
C0202,12,29
C0202,13,28
C0202,14,32
C0202,15,13
C0202,16,22
C0202,17,15
C0202,18,25
C0202,19,11
C0202,20,23
C0202,21,15
C0202,22,20
C0202,23,24
C0202,24,20
C0202,25,20
C0202,26,25
C0203,1,86
C0203,2,79
C0203,3,73
C0203,4,76
C0203,5,91
C0203,6,63
C0203,7,84
C0203,8,71
C0203,9,81
C0203,10,72
C0203,11,77
C0203,12,82
C0203,13,94
C0203,14,78
C0203,15,73
C0203,16,89
C0203,17,83
C0203,18,85
C0203,19,67
C0203,20,69
C0203,21,53
C0203,22,40
C0203,23,30
C0203,24,66
C0203,25,46
C0203,26,30
C0204,1,18
C0204,2,12
C0204,3,15
C0204,4,21
C0204,5,14
C0204,6,20
C0204,7,25
C0204,8,15
C0204,9,11
C0204,10,17
C0204,11,13
C0204,12,23
C0204,13,22
C0204,14,23
C0204,15,20
C0204,16,24
C0204,17,16
C0204,18,12
C0204,19,18
C0204,20,23
C0204,21,28
C0204,22,13
C0204,23,16
C0204,24,8
C0204,25,21
C0204,26,22
C0205,1,26
C0205,2,16
C0205,3,23
C0205,4,20
C0205,5,18
C0205,6,20
C0205,7,18
C0205,8,16
C0205,9,10
C0205,10,10
C0205,11,24
C0205,12,10
C0205,13,35
C0205,14,12
C0205,15,15
C0205,16,15
C0205,17,9
C0205,18,21
C0205,19,19
C0205,20,10
C0205,21,20
C0205,22,19
C0205,23,21
C0205,24,17
C0205,25,18
C0205,26,9
C0206,1,31
C0206,2,29
C0206,3,33
C0206,4,25
C0206,5,26
C0206,6,29
C0206,7,29
C0206,8,25
C0206,9,35
C0206,10,20
C0206,11,33
C0206,12,40
C0206,13,19
C0206,14,31
C0206,15,32
C0206,16,28
C0206,17,32
C0206,18,26
C0206,19,29
C0206,20,31
C0206,21,38
C0206,22,37
C0206,23,33
C0206,24,35
C0206,25,26
C0206,26,28
C0207,1,13
C0207,2,21
C0207,3,18
C0207,4,28
C0207,5,14
C0207,6,20
C0207,7,21
C0207,8,15
C0207,9,15
C0207,10,20
C0207,11,13
C0207,12,8
C0207,13,12
C0207,14,14
C0207,15,13
C0207,16,23
C0207,17,17
C0207,18,14
C0207,19,16
C0207,20,11
C0207,21,12
C0207,22,14
C0207,23,10
C0207,24,10
C0207,25,7
C0207,26,8
C0208,1,97
C0208,2,83
C0208,3,73
C0208,4,96
C0208,5,91
C0208,6,93
C0208,7,99
C0208,8,80
C0208,9,92
C0208,10,105
C0208,11,85
C0208,12,75
C0208,13,95
C0208,14,90
C0208,15,96
C0208,16,96
C0208,17,72
C0208,18,104
C0208,19,85
C0208,20,80
C0208,21,84
C0208,22,96
C0208,23,94
C0208,24,77
C0208,25,93
C0208,26,98
C0209,1,41
C0209,2,51
C0209,3,52
C0209,4,60
C0209,5,52
C0209,6,45
C0209,7,56
C0209,8,49
C0209,9,57
C0209,10,46
C0209,11,67
C0209,12,52
C0209,13,53
C0209,14,40
C0209,15,50
C0209,16,49
C0209,17,44
C0209,18,48
C0209,19,47
C0209,20,55
C0209,21,58
C0209,22,53
C0209,23,45
C0209,24,46
C0209,25,62
C0209,26,58
C0210,1,38
C0210,2,42
C0210,3,42
C0210,4,38
C0210,5,46
C0210,6,50
C0210,7,35
C0210,8,48
C0210,9,50
C0210,10,17
C0210,11,17
C0210,12,5
C0210,13,12
C0210,14,18
C0210,15,17
C0210,16,14
C0210,17,10
C0210,18,8
C0210,19,7
C0210,20,11
C0210,21,6
C0210,22,16
C0210,23,19
C0210,24,9
C0210,25,5
C0210,26,10
C0211,1,59
C0211,2,58
C0211,3,63
C0211,4,73
C0211,5,62
C0211,6,71
C0211,7,59
C0211,8,53
C0211,9,59
C0211,10,48
C0211,11,63
C0211,12,55
C0211,13,60
C0211,14,56
C0211,15,57
C0211,16,66
C0211,17,63
C0211,18,66
C0211,19,71
C0211,20,73
C0211,21,83
C0211,22,67
C0211,23,51
C0211,24,59
C0211,25,60
C0211,26,79
C0212,1,33
C0212,2,31
C0212,3,30
C0212,4,39
C0212,5,27
C0212,6,50
C0212,7,30
C0212,8,27
C0212,9,31
C0212,10,40
C0212,11,31
C0212,12,46
C0212,13,43
C0212,14,41
C0212,15,40
C0212,16,43
C0212,17,30
C0212,18,32
C0212,19,42
C0212,20,42
C0212,21,30
C0212,22,39
C0212,23,38
C0212,24,38
C0212,25,39
C0212,26,26
C0213,1,51
C0213,2,53
C0213,3,61
C0213,4,70
C0213,5,72
C0213,6,62
C0213,7,52
C0213,8,55
C0213,9,57
C0213,10,66
C0213,11,47
C0213,12,51
C0213,13,41
C0213,14,52
C0213,15,50
C0213,16,67
C0213,17,57
C0213,18,60
C0213,19,52
C0213,20,41
C0213,21,26
C0213,22,29
C0213,23,22
C0213,24,31
C0213,25,19
C0213,26,24
C0214,1,67
C0214,2,50
C0214,3,40
C0214,4,49
C0214,5,56
C0214,6,62
C0214,7,48
C0214,8,47
C0214,9,55
C0214,10,44
C0214,11,44
C0214,12,31
C0214,13,40
C0214,14,36
C0214,15,28
C0214,16,33
C0214,17,24
C0214,18,37
C0214,19,19
C0214,20,29
C0214,21,32
C0214,22,26
C0214,23,25
C0214,24,23
C0214,25,30
C0214,26,34
C0215,1,56
C0215,2,47
C0215,3,63
C0215,4,54
C0215,5,63
C0215,6,33
C0215,7,55
C0215,8,53
C0215,9,53
C0215,10,49
C0215,11,53
C0215,12,48
C0215,13,49
C0215,14,60
C0215,15,56
C0215,16,47
C0215,17,49
C0215,18,52
C0215,19,56
C0215,20,64
C0215,21,56
C0215,22,51
C0215,23,54
C0215,24,61
C0215,25,40
C0215,26,55
C0216,1,56
C0216,2,58
C0216,3,55
C0216,4,65
C0216,5,55
C0216,6,48
C0216,7,47
C0216,8,53
C0216,9,68
C0216,10,56
C0216,11,67
C0216,12,60
C0216,13,52
C0216,14,43
C0216,15,58
C0216,16,31
C0216,17,27
C0216,18,43
C0216,19,41
C0216,20,45
C0216,21,32
C0216,22,39
C0216,23,33
C0216,24,28
C0216,25,37
C0216,26,49
C0217,1,12
C0217,2,14
C0217,3,15
C0217,4,14
C0217,5,23
C0217,6,20
C0217,7,18
C0217,8,12
C0217,9,28
C0217,10,7
C0217,11,19
C0217,12,20
C0217,13,19
C0217,14,22
C0217,15,8
C0217,16,18
C0217,17,15
C0217,18,0
C0217,19,10
C0217,20,5
C0217,21,6
C0217,22,12
C0217,23,7
C0217,24,8
C0217,25,7
C0217,26,9
C0218,1,33
C0218,2,36
C0218,3,37
C0218,4,32
C0218,5,42
C0218,6,27
C0218,7,45
C0218,8,35
C0218,9,36
C0218,10,31
C0218,11,34
C0218,12,32
C0218,13,41
C0218,14,23
C0218,15,33
C0218,16,35
C0218,17,29
C0218,18,35
C0218,19,34
C0218,20,24
C0218,21,46
C0218,22,46
C0218,23,25
C0218,24,33
C0218,25,30
C0218,26,33
C0219,1,32
C0219,2,40
C0219,3,24
C0219,4,21
C0219,5,31
C0219,6,30
C0219,7,40
C0219,8,28
C0219,9,32
C0219,10,29
C0219,11,32
C0219,12,27
C0219,13,37
C0219,14,30
C0219,15,34
C0219,16,35
C0219,17,38
C0219,18,31
C0219,19,32
C0219,20,39
C0219,21,27
C0219,22,37
C0219,23,32
C0219,24,23
C0219,25,32
C0219,26,35
C0220,1,36
C0220,2,34
C0220,3,32
C0220,4,38
C0220,5,46
C0220,6,38
C0220,7,25
C0220,8,33
C0220,9,37
C0220,10,27
C0220,11,39
C0220,12,22
C0220,13,39
C0220,14,32
C0220,15,36
C0220,16,29
C0220,17,28
C0220,18,39
C0220,19,41
C0220,20,29
C0220,21,38
C0220,22,36
C0220,23,36
C0220,24,25
C0220,25,38
C0220,26,38
C0221,1,34
C0221,2,25
C0221,3,33
C0221,4,30
C0221,5,30
C0221,6,32
C0221,7,39
C0221,8,31
C0221,9,31
C0221,10,33
C0221,11,22
C0221,12,25
C0221,13,23
C0221,14,35
C0221,15,31
C0221,16,21
C0221,17,24
C0221,18,29
C0221,19,22
C0221,20,22
C0221,21,31
C0221,22,31
C0221,23,29
C0221,24,14
C0221,25,21
C0221,26,38
C0222,1,27
C0222,2,32
C0222,3,27
C0222,4,18
C0222,5,28
C0222,6,29
C0222,7,23
C0222,8,19
C0222,9,22
C0222,10,16
C0222,11,24
C0222,12,15
C0222,13,21
C0222,14,22
C0222,15,16
C0222,16,21
C0222,17,16
C0222,18,5
C0222,19,24
C0222,20,25
C0222,21,19
C0222,22,15
C0222,23,25
C0222,24,19
C0222,25,30
C0222,26,19
C0223,1,21
C0223,2,12
C0223,3,17
C0223,4,21
C0223,5,20
C0223,6,17
C0223,7,23
C0223,8,18
C0223,9,21
C0223,10,17
C0223,11,18
C0223,12,7
C0223,13,17
C0223,14,14
C0223,15,4
C0223,16,0
C0223,17,3
C0223,18,2
C0223,19,2
C0223,20,3
C0223,21,1
C0223,22,1
C0223,23,1
C0223,24,1
C0223,25,4
C0223,26,4
C0224,1,42
C0224,2,27
C0224,3,44
C0224,4,30
C0224,5,31
C0224,6,45
C0224,7,36
C0224,8,42
C0224,9,47
C0224,10,37
C0224,11,22
C0224,12,25
C0224,13,20
C0224,14,24
C0224,15,17
C0224,16,36
C0224,17,21
C0224,18,14
C0224,19,14
C0224,20,15
C0224,21,11
C0224,22,12
C0224,23,18
C0224,24,17
C0224,25,26
C0224,26,25
C0225,1,81
C0225,2,63
C0225,3,76
C0225,4,72
C0225,5,65
C0225,6,47
C0225,7,64
C0225,8,55
C0225,9,64
C0225,10,53
C0225,11,67
C0225,12,60
C0225,13,58
C0225,14,62
C0225,15,34
C0225,16,68
C0225,17,60
C0225,18,77
C0225,19,46
C0225,20,35
C0225,21,20
C0225,22,24
C0225,23,21
C0225,24,28
C0225,25,30
C0225,26,15
C0226,1,29
C0226,2,39
C0226,3,28
C0226,4,27
C0226,5,28
C0226,6,30
C0226,7,29
C0226,8,30
C0226,9,40
C0226,10,37
C0226,11,39
C0226,12,26
C0226,13,30
C0226,14,22
C0226,15,18
C0226,16,21
C0226,17,17
C0226,18,17
C0226,19,18
C0226,20,8
C0226,21,20
C0226,22,9
C0226,23,5
C0226,24,7
C0226,25,13
C0226,26,17
C0227,1,67
C0227,2,50
C0227,3,47
C0227,4,47
C0227,5,75
C0227,6,58
C0227,7,53
C0227,8,36
C0227,9,63
C0227,10,54
C0227,11,47
C0227,12,74
C0227,13,68
C0227,14,57
C0227,15,46
C0227,16,78
C0227,17,72
C0227,18,74
C0227,19,67
C0227,20,60
C0227,21,56
C0227,22,59
C0227,23,76
C0227,24,59
C0227,25,50
C0227,26,60
C0228,1,40
C0228,2,39
C0228,3,39
C0228,4,31
C0228,5,52
C0228,6,37
C0228,7,39
C0228,8,32
C0228,9,35
C0228,10,23
C0228,11,45
C0228,12,21
C0228,13,15
C0228,14,23
C0228,15,19
C0228,16,17
C0228,17,12
C0228,18,17
C0228,19,24
C0228,20,20
C0228,21,13
C0228,22,19
C0228,23,21
C0228,24,21
C0228,25,14
C0228,26,16
C0229,1,88
C0229,2,84
C0229,3,88
C0229,4,95
C0229,5,80
C0229,6,105
C0229,7,101
C0229,8,83
C0229,9,96
C0229,10,102
C0229,11,97
C0229,12,125
C0229,13,86
C0229,14,86
C0229,15,94
C0229,16,80
C0229,17,109
C0229,18,96
C0229,19,98
C0229,20,94
C0229,21,90
C0229,22,100
C0229,23,109
C0229,24,93
C0229,25,107
C0229,26,97
C0230,1,34
C0230,2,20
C0230,3,37
C0230,4,36
C0230,5,29
C0230,6,26
C0230,7,24
C0230,8,20
C0230,9,28
C0230,10,28
C0230,11,26
C0230,12,27
C0230,13,20
C0230,14,19
C0230,15,15
C0230,16,25
C0230,17,27
C0230,18,14
C0230,19,30
C0230,20,20
C0230,21,27
C0230,22,25
C0230,23,32
C0230,24,34
C0230,25,13
C0230,26,24
C0231,1,81
C0231,2,79
C0231,3,65
C0231,4,66
C0231,5,88
C0231,6,70
C0231,7,73
C0231,8,56
C0231,9,68
C0231,10,62
C0231,11,61
C0231,12,44
C0231,13,25
C0231,14,30
C0231,15,28
C0231,16,35
C0231,17,37
C0231,18,29
C0231,19,43
C0231,20,39
C0231,21,44
C0231,22,54
C0231,23,50
C0231,24,42
C0231,25,46
C0231,26,29
C0232,1,35
C0232,2,38
C0232,3,27
C0232,4,27
C0232,5,39
C0232,6,26
C0232,7,27
C0232,8,17
C0232,9,25
C0232,10,45
C0232,11,22
C0232,12,19
C0232,13,30
C0232,14,31
C0232,15,33
C0232,16,25
C0232,17,33
C0232,18,27
C0232,19,31
C0232,20,26
C0232,21,40
C0232,22,31
C0232,23,41
C0232,24,33
C0232,25,37
C0232,26,37
C0233,1,44
C0233,2,43
C0233,3,42
C0233,4,36
C0233,5,41
C0233,6,27
C0233,7,40
C0233,8,49
C0233,9,36
C0233,10,41
C0233,11,38
C0233,12,38
C0233,13,50
C0233,14,34
C0233,15,41
C0233,16,43
C0233,17,35
C0233,18,47
C0233,19,45
C0233,20,36
C0233,21,54
C0233,22,33
C0233,23,35
C0233,24,42
C0233,25,34
C0233,26,32
C0234,1,49
C0234,2,48
C0234,3,56
C0234,4,51
C0234,5,34
C0234,6,41
C0234,7,48
C0234,8,45
C0234,9,46
C0234,10,47
C0234,11,51
C0234,12,39
C0234,13,40
C0234,14,43
C0234,15,44
C0234,16,39
C0234,17,51
C0234,18,43
C0234,19,40
C0234,20,46
C0234,21,57
C0234,22,44
C0234,23,29
C0234,24,47
C0234,25,30
C0234,26,49
C0235,1,24
C0235,2,47
C0235,3,35
C0235,4,43
C0235,5,40
C0235,6,38
C0235,7,36
C0235,8,41
C0235,9,40
C0235,10,32
C0235,11,53
C0235,12,38
C0235,13,43
C0235,14,35
C0235,15,27
C0235,16,45
C0235,17,43
C0235,18,35
C0235,19,39
C0235,20,48
C0235,21,32
C0235,22,43
C0235,23,26
C0235,24,46
C0235,25,56
C0235,26,37
C0236,1,85
C0236,2,65
C0236,3,78
C0236,4,70
C0236,5,88
C0236,6,87
C0236,7,89
C0236,8,84
C0236,9,92
C0236,10,79
C0236,11,92
C0236,12,82
C0236,13,91
C0236,14,93
C0236,15,92
C0236,16,78
C0236,17,98
C0236,18,79
C0236,19,92
C0236,20,76
C0236,21,84
C0236,22,78
C0236,23,98
C0236,24,95
C0236,25,91
C0236,26,83
C0237,1,36
C0237,2,46
C0237,3,46
C0237,4,44
C0237,5,45
C0237,6,50
C0237,7,33
C0237,8,26
C0237,9,54
C0237,10,52
C0237,11,46
C0237,12,40
C0237,13,37
C0237,14,37
C0237,15,45
C0237,16,29
C0237,17,29
C0237,18,59
C0237,19,31
C0237,20,42
C0237,21,23
C0237,22,30
C0237,23,38
C0237,24,47
C0237,25,21
C0237,26,41
C0238,1,45
C0238,2,63
C0238,3,53
C0238,4,62
C0238,5,47
C0238,6,61
C0238,7,63
C0238,8,53
C0238,9,52
C0238,10,49
C0238,11,49
C0238,12,58
C0238,13,55
C0238,14,59
C0238,15,60
C0238,16,57
C0238,17,35
C0238,18,21
C0238,19,30
C0238,20,7
C0238,21,11
C0238,22,10
C0238,23,15
C0238,24,15
C0238,25,11
C0238,26,13
C0239,1,46
C0239,2,45
C0239,3,47
C0239,4,40
C0239,5,49
C0239,6,47
C0239,7,42
C0239,8,55
C0239,9,41
C0239,10,47
C0239,11,54
C0239,12,41
C0239,13,42
C0239,14,43
C0239,15,29
C0239,16,21
C0239,17,37
C0239,18,35
C0239,19,37
C0239,20,34
C0239,21,35
C0239,22,37
C0239,23,16
C0239,24,29
C0239,25,30
C0239,26,24
C0240,1,48
C0240,2,44
C0240,3,46
C0240,4,37
C0240,5,38
C0240,6,30
C0240,7,25
C0240,8,52
C0240,9,42
C0240,10,39
C0240,11,47
C0240,12,28
C0240,13,41
C0240,14,34
C0240,15,54
C0240,16,42
C0240,17,38
C0240,18,29
C0240,19,23
C0240,20,39
C0240,21,26
C0240,22,34
C0240,23,22
C0240,24,30
C0240,25,30
C0240,26,25
C0241,1,65
C0241,2,70
C0241,3,53
C0241,4,55
C0241,5,46
C0241,6,54
C0241,7,56
C0241,8,62
C0241,9,61
C0241,10,66
C0241,11,57
C0241,12,47
C0241,13,57
C0241,14,63
C0241,15,44
C0241,16,53
C0241,17,58
C0241,18,45
C0241,19,48
C0241,20,35
C0241,21,41
C0241,22,38
C0241,23,26
C0241,24,21
C0241,25,33
C0241,26,35
C0242,1,24
C0242,2,23
C0242,3,28
C0242,4,34
C0242,5,27
C0242,6,44
C0242,7,29
C0242,8,20
C0242,9,45
C0242,10,31
C0242,11,20
C0242,12,27
C0242,13,26
C0242,14,15
C0242,15,19
C0242,16,14
C0242,17,8
C0242,18,13
C0242,19,13
C0242,20,26
C0242,21,15
C0242,22,19
C0242,23,14
C0242,24,22
C0242,25,7
C0242,26,19
C0243,1,87
C0243,2,100
C0243,3,71
C0243,4,73
C0243,5,97
C0243,6,86
C0243,7,66
C0243,8,76
C0243,9,78
C0243,10,87
C0243,11,71
C0243,12,58
C0243,13,75
C0243,14,84
C0243,15,76
C0243,16,79
C0243,17,70
C0243,18,68
C0243,19,65
C0243,20,89
C0243,21,87
C0243,22,76
C0243,23,72
C0243,24,80
C0243,25,68
C0243,26,79
C0244,1,43
C0244,2,55
C0244,3,30
C0244,4,38
C0244,5,56
C0244,6,49
C0244,7,47
C0244,8,47
C0244,9,49
C0244,10,46
C0244,11,27
C0244,12,42
C0244,13,46
C0244,14,57
C0244,15,51
C0244,16,43
C0244,17,33
C0244,18,51
C0244,19,35
C0244,20,45
C0244,21,33
C0244,22,42
C0244,23,40
C0244,24,47
C0244,25,50
C0244,26,31
C0245,1,38
C0245,2,30
C0245,3,26
C0245,4,29
C0245,5,29
C0245,6,30
C0245,7,29
C0245,8,35
C0245,9,27
C0245,10,30
C0245,11,33
C0245,12,23
C0245,13,31
C0245,14,17
C0245,15,17
C0245,16,11
C0245,17,3
C0245,18,3
C0245,19,5
C0245,20,8
C0245,21,1
C0245,22,8
C0245,23,5
C0245,24,3
C0245,25,7
C0245,26,11
C0246,1,14
C0246,2,23
C0246,3,22
C0246,4,32
C0246,5,23
C0246,6,18
C0246,7,22
C0246,8,21
C0246,9,26
C0246,10,12
C0246,11,24
C0246,12,33
C0246,13,17
C0246,14,23
C0246,15,27
C0246,16,20
C0246,17,23
C0246,18,26
C0246,19,16
C0246,20,19
C0246,21,30
C0246,22,19
C0246,23,20
C0246,24,27
C0246,25,28
C0246,26,13
C0247,1,73
C0247,2,53
C0247,3,59
C0247,4,57
C0247,5,69
C0247,6,55
C0247,7,63
C0247,8,59
C0247,9,61
C0247,10,77
C0247,11,49
C0247,12,53
C0247,13,57
C0247,14,72
C0247,15,44
C0247,16,60
C0247,17,60
C0247,18,61
C0247,19,57
C0247,20,56
C0247,21,41
C0247,22,58
C0247,23,38
C0247,24,70
C0247,25,55
C0247,26,56
C0248,1,93
C0248,2,90
C0248,3,90
C0248,4,73
C0248,5,69
C0248,6,101
C0248,7,83
C0248,8,72
C0248,9,79
C0248,10,99
C0248,11,74
C0248,12,94
C0248,13,65
C0248,14,108
C0248,15,87
C0248,16,80
C0248,17,76
C0248,18,67
C0248,19,82
C0248,20,77
C0248,21,91
C0248,22,86
C0248,23,87
C0248,24,93
C0248,25,101
C0248,26,80
C0249,1,40
C0249,2,49
C0249,3,36
C0249,4,41
C0249,5,36
C0249,6,25
C0249,7,31
C0249,8,36
C0249,9,34
C0249,10,32
C0249,11,27
C0249,12,28
C0249,13,23
C0249,14,10
C0249,15,23
C0249,16,25
C0249,17,18
C0249,18,20
C0249,19,15
C0249,20,8
C0249,21,24
C0249,22,7
C0249,23,16
C0249,24,10
C0249,25,20
C0249,26,11
C0250,1,28
C0250,2,28
C0250,3,28
C0250,4,29
C0250,5,29
C0250,6,31
C0250,7,26
C0250,8,17
C0250,9,23
C0250,10,34
C0250,11,37
C0250,12,35
C0250,13,25
C0250,14,25
C0250,15,36
C0250,16,28
C0250,17,31
C0250,18,29
C0250,19,15
C0250,20,30
C0250,21,21
C0250,22,30
C0250,23,37
C0250,24,34
C0250,25,26
C0250,26,15
C0251,1,9
C0251,2,6
C0251,3,13
C0251,4,8
C0251,5,12
C0251,6,13
C0251,7,9
C0251,8,12
C0251,9,14
C0251,10,16
C0251,11,12
C0251,12,14
C0251,13,17
C0251,14,11
C0251,15,13
C0251,16,3
C0251,17,11
C0251,18,9
C0251,19,4
C0251,20,5
C0251,21,2
C0251,22,0
C0251,23,4
C0251,24,6
C0251,25,2
C0251,26,0
C0252,1,71
C0252,2,67
C0252,3,69
C0252,4,72
C0252,5,60
C0252,6,56
C0252,7,56
C0252,8,63
C0252,9,80
C0252,10,64
C0252,11,62
C0252,12,64
C0252,13,72
C0252,14,68
C0252,15,61
C0252,16,81
C0252,17,59
C0252,18,72
C0252,19,64
C0252,20,66
C0252,21,59
C0252,22,65
C0252,23,58
C0252,24,64
C0252,25,69
C0252,26,58
C0253,1,86
C0253,2,97
C0253,3,91
C0253,4,95
C0253,5,71
C0253,6,100
C0253,7,92
C0253,8,88
C0253,9,79
C0253,10,69
C0253,11,80
C0253,12,101
C0253,13,103
C0253,14,78
C0253,15,102
C0253,16,90
C0253,17,74
C0253,18,40
C0253,19,39
C0253,20,26
C0253,21,29
C0253,22,31
C0253,23,22
C0253,24,34
C0253,25,23
C0253,26,25
C0254,1,40
C0254,2,44
C0254,3,37
C0254,4,44
C0254,5,33
C0254,6,43
C0254,7,44
C0254,8,50
C0254,9,43
C0254,10,50
C0254,11,37
C0254,12,44
C0254,13,58
C0254,14,35
C0254,15,38
C0254,16,41
C0254,17,39
C0254,18,58
C0254,19,37
C0254,20,44
C0254,21,44
C0254,22,53
C0254,23,38
C0254,24,34
C0254,25,48
C0254,26,42
C0255,1,51
C0255,2,55
C0255,3,51
C0255,4,52
C0255,5,71
C0255,6,52
C0255,7,56
C0255,8,56
C0255,9,63
C0255,10,74
C0255,11,64
C0255,12,51
C0255,13,67
C0255,14,55
C0255,15,54
C0255,16,66
C0255,17,56
C0255,18,58
C0255,19,34
C0255,20,66
C0255,21,47
C0255,22,50
C0255,23,52
C0255,24,58
C0255,25,58
C0255,26,62
C0256,1,31
C0256,2,38
C0256,3,43
C0256,4,35
C0256,5,34
C0256,6,30
C0256,7,40
C0256,8,33
C0256,9,33
C0256,10,34
C0256,11,39
C0256,12,42
C0256,13,20
C0256,14,22
C0256,15,35
C0256,16,31
C0256,17,34
C0256,18,41
C0256,19,35
C0256,20,44
C0256,21,46
C0256,22,25
C0256,23,34
C0256,24,35
C0256,25,31
C0256,26,28
C0257,1,53
C0257,2,54
C0257,3,56
C0257,4,48
C0257,5,56
C0257,6,51
C0257,7,60
C0257,8,53
C0257,9,55
C0257,10,66
C0257,11,58
C0257,12,65
C0257,13,59
C0257,14,69
C0257,15,55
C0257,16,48
C0257,17,44
C0257,18,28
C0257,19,19
C0257,20,15
C0257,21,22
C0257,22,16
C0257,23,18
C0257,24,25
C0257,25,12
C0257,26,21
C0258,1,17
C0258,2,22
C0258,3,16
C0258,4,19
C0258,5,20
C0258,6,20
C0258,7,18
C0258,8,14
C0258,9,14
C0258,10,18
C0258,11,25
C0258,12,20
C0258,13,12
C0258,14,12
C0258,15,18
C0258,16,7
C0258,17,21
C0258,18,10
C0258,19,15
C0258,20,21
C0258,21,13
C0258,22,17
C0258,23,27
C0258,24,17
C0258,25,14
C0258,26,15
C0259,1,75
C0259,2,51
C0259,3,57
C0259,4,60
C0259,5,64
C0259,6,69
C0259,7,68
C0259,8,67
C0259,9,53
C0259,10,51
C0259,11,71
C0259,12,52
C0259,13,43
C0259,14,35
C0259,15,38
C0259,16,25
C0259,17,28
C0259,18,40
C0259,19,28
C0259,20,40
C0259,21,51
C0259,22,31
C0259,23,29
C0259,24,42
C0259,25,32
C0259,26,23
C0260,1,61
C0260,2,37
C0260,3,47
C0260,4,56
C0260,5,46
C0260,6,40
C0260,7,49
C0260,8,52
C0260,9,54
C0260,10,47
C0260,11,55
C0260,12,25
C0260,13,23
C0260,14,22
C0260,15,13
C0260,16,28
C0260,17,27
C0260,18,13
C0260,19,23
C0260,20,21
C0260,21,22
C0260,22,14
C0260,23,33
C0260,24,23
C0260,25,21
C0260,26,18
C0261,1,21
C0261,2,19
C0261,3,22
C0261,4,12
C0261,5,19
C0261,6,20
C0261,7,33
C0261,8,18
C0261,9,15
C0261,10,26
C0261,11,13
C0261,12,24
C0261,13,21
C0261,14,24
C0261,15,23
C0261,16,20
C0261,17,17
C0261,18,24
C0261,19,25
C0261,20,22
C0261,21,24
C0261,22,20
C0261,23,16
C0261,24,19
C0261,25,22
C0261,26,18
C0262,1,19
C0262,2,17
C0262,3,18
C0262,4,14
C0262,5,16
C0262,6,19
C0262,7,27
C0262,8,14
C0262,9,24
C0262,10,34
C0262,11,19
C0262,12,25
C0262,13,28
C0262,14,22
C0262,15,41
C0262,16,21
C0262,17,31
C0262,18,26
C0262,19,25
C0262,20,20
C0262,21,27
C0262,22,18
C0262,23,26
C0262,24,21
C0262,25,30
C0262,26,23
C0263,1,24
C0263,2,26
C0263,3,32
C0263,4,25
C0263,5,26
C0263,6,27
C0263,7,32
C0263,8,34
C0263,9,27
C0263,10,31
C0263,11,38
C0263,12,34
C0263,13,36
C0263,14,29
C0263,15,26
C0263,16,29
C0263,17,40
C0263,18,26
C0263,19,17
C0263,20,13
C0263,21,32
C0263,22,28
C0263,23,40
C0263,24,41
C0263,25,22
C0263,26,35
C0264,1,33
C0264,2,34
C0264,3,56
C0264,4,44
C0264,5,36
C0264,6,32
C0264,7,44
C0264,8,35
C0264,9,36
C0264,10,41
C0264,11,40
C0264,12,35
C0264,13,44
C0264,14,37
C0264,15,48
C0264,16,41
C0264,17,39
C0264,18,47
C0264,19,45
C0264,20,46
C0264,21,51
C0264,22,47
C0264,23,45
C0264,24,45
C0264,25,38
C0264,26,44
C0265,1,28
C0265,2,32
C0265,3,22
C0265,4,20
C0265,5,24
C0265,6,20
C0265,7,28
C0265,8,29
C0265,9,31
C0265,10,24
C0265,11,20
C0265,12,36
C0265,13,16
C0265,14,18
C0265,15,28
C0265,16,17
C0265,17,18
C0265,18,12
C0265,19,1
C0265,20,14
C0265,21,18
C0265,22,20
C0265,23,14
C0265,24,19
C0265,25,22
C0265,26,11
C0266,1,41
C0266,2,48
C0266,3,37
C0266,4,35
C0266,5,46
C0266,6,35
C0266,7,32
C0266,8,61
C0266,9,32
C0266,10,39
C0266,11,47
C0266,12,39
C0266,13,41
C0266,14,38
C0266,15,42
C0266,16,32
C0266,17,24
C0266,18,42
C0266,19,24
C0266,20,32
C0266,21,41
C0266,22,34
C0266,23,38
C0266,24,54
C0266,25,47
C0266,26,29
C0267,1,56
C0267,2,67
C0267,3,86
C0267,4,55
C0267,5,61
C0267,6,83
C0267,7,79
C0267,8,85
C0267,9,83
C0267,10,74
C0267,11,69
C0267,12,79
C0267,13,68
C0267,14,73
C0267,15,87
C0267,16,66
C0267,17,77
C0267,18,73
C0267,19,59
C0267,20,57
C0267,21,34
C0267,22,44
C0267,23,24
C0267,24,40
C0267,25,26
C0267,26,54
C0268,1,41
C0268,2,48
C0268,3,56
C0268,4,40
C0268,5,53
C0268,6,38
C0268,7,57
C0268,8,41
C0268,9,48
C0268,10,43
C0268,11,38
C0268,12,51
C0268,13,41
C0268,14,39
C0268,15,56
C0268,16,42
C0268,17,39
C0268,18,48
C0268,19,33
C0268,20,50
C0268,21,49
C0268,22,48
C0268,23,44
C0268,24,37
C0268,25,46
C0268,26,52
C0269,1,28
C0269,2,19
C0269,3,20
C0269,4,28
C0269,5,17
C0269,6,24
C0269,7,35
C0269,8,34
C0269,9,29
C0269,10,18
C0269,11,27
C0269,12,34
C0269,13,25
C0269,14,27
C0269,15,37
C0269,16,35
C0269,17,15
C0269,18,6
C0269,19,17
C0269,20,9
C0269,21,19
C0269,22,12
C0269,23,19
C0269,24,3
C0269,25,16
C0269,26,12
C0270,1,14
C0270,2,25
C0270,3,17
C0270,4,7
C0270,5,24
C0270,6,21
C0270,7,26
C0270,8,13
C0270,9,7
C0270,10,13
C0270,11,14
C0270,12,12
C0270,13,6
C0270,14,19
C0270,15,10
C0270,16,22
C0270,17,17
C0270,18,16
C0270,19,14
C0270,20,12
C0270,21,22
C0270,22,20
C0270,23,23
C0270,24,14
C0270,25,21
C0270,26,16
C0271,1,87
C0271,2,64
C0271,3,86
C0271,4,93
C0271,5,87
C0271,6,83
C0271,7,77
C0271,8,74
C0271,9,70
C0271,10,78
C0271,11,68
C0271,12,87
C0271,13,86
C0271,14,74
C0271,15,78
C0271,16,98
C0271,17,85
C0271,18,85
C0271,19,70
C0271,20,67
C0271,21,87
C0271,22,75
C0271,23,79
C0271,24,83
C0271,25,80
C0271,26,80
C0272,1,33
C0272,2,26
C0272,3,23
C0272,4,27
C0272,5,21
C0272,6,17
C0272,7,31
C0272,8,32
C0272,9,31
C0272,10,36
C0272,11,32
C0272,12,26
C0272,13,23
C0272,14,28
C0272,15,28
C0272,16,28
C0272,17,26
C0272,18,28
C0272,19,30
C0272,20,27
C0272,21,23
C0272,22,29
C0272,23,17
C0272,24,35
C0272,25,31
C0272,26,32
C0273,1,35
C0273,2,43
C0273,3,36
C0273,4,40
C0273,5,42
C0273,6,30
C0273,7,34
C0273,8,43
C0273,9,53
C0273,10,44
C0273,11,49
C0273,12,47
C0273,13,37
C0273,14,43
C0273,15,53
C0273,16,33
C0273,17,43
C0273,18,31
C0273,19,52
C0273,20,31
C0273,21,25
C0273,22,24
C0273,23,56
C0273,24,39
C0273,25,33
C0273,26,48
C0274,1,23
C0274,2,29
C0274,3,26
C0274,4,32
C0274,5,29
C0274,6,28
C0274,7,35
C0274,8,32
C0274,9,32
C0274,10,33
C0274,11,35
C0274,12,30
C0274,13,19
C0274,14,27
C0274,15,37
C0274,16,26
C0274,17,6
C0274,18,10
C0274,19,13
C0274,20,15
C0274,21,11
C0274,22,13
C0274,23,17
C0274,24,13
C0274,25,15
C0274,26,14
C0275,1,9
C0275,2,11
C0275,3,11
C0275,4,12
C0275,5,9
C0275,6,3
C0275,7,12
C0275,8,7
C0275,9,15
C0275,10,17
C0275,11,17
C0275,12,11
C0275,13,10
C0275,14,10
C0275,15,13
C0275,16,9
C0275,17,14
C0275,18,13
C0275,19,13
C0275,20,10
C0275,21,12
C0275,22,13
C0275,23,7
C0275,24,14
C0275,25,18
C0275,26,13
C0276,1,17
C0276,2,28
C0276,3,17
C0276,4,21
C0276,5,25
C0276,6,27
C0276,7,19
C0276,8,33
C0276,9,22
C0276,10,25
C0276,11,31
C0276,12,36
C0276,13,35
C0276,14,40
C0276,15,24
C0276,16,31
C0276,17,18
C0276,18,20
C0276,19,33
C0276,20,18
C0276,21,31
C0276,22,34
C0276,23,30
C0276,24,22
C0276,25,36
C0276,26,33
C0277,1,66
C0277,2,72
C0277,3,67
C0277,4,73
C0277,5,72
C0277,6,80
C0277,7,79
C0277,8,84
C0277,9,79
C0277,10,70
C0277,11,77
C0277,12,68
C0277,13,67
C0277,14,66
C0277,15,73
C0277,16,73
C0277,17,73
C0277,18,63
C0277,19,75
C0277,20,67
C0277,21,80
C0277,22,83
C0277,23,77
C0277,24,74
C0277,25,78
C0277,26,59
C0278,1,22
C0278,2,27
C0278,3,27
C0278,4,29
C0278,5,28
C0278,6,29
C0278,7,19
C0278,8,22
C0278,9,14
C0278,10,22
C0278,11,29
C0278,12,31
C0278,13,21
C0278,14,30
C0278,15,28
C0278,16,24
C0278,17,28
C0278,18,22
C0278,19,25
C0278,20,17
C0278,21,18
C0278,22,12
C0278,23,10
C0278,24,13
C0278,25,8
C0278,26,13
C0279,1,67
C0279,2,51
C0279,3,48
C0279,4,49
C0279,5,71
C0279,6,60
C0279,7,45
C0279,8,43
C0279,9,63
C0279,10,56
C0279,11,64
C0279,12,61
C0279,13,62
C0279,14,59
C0279,15,45
C0279,16,61
C0279,17,52
C0279,18,45
C0279,19,32
C0279,20,27
C0279,21,23
C0279,22,23
C0279,23,29
C0279,24,23
C0279,25,33
C0279,26,24
C0280,1,24
C0280,2,18
C0280,3,26
C0280,4,30
C0280,5,25
C0280,6,22
C0280,7,32
C0280,8,17
C0280,9,21
C0280,10,40
C0280,11,21
C0280,12,28
C0280,13,25
C0280,14,15
C0280,15,26
C0280,16,23
C0280,17,21
C0280,18,27
C0280,19,22
C0280,20,20
C0280,21,23
C0280,22,20
C0280,23,37
C0280,24,21
C0280,25,27
C0280,26,25
C0281,1,42
C0281,2,51
C0281,3,30
C0281,4,27
C0281,5,45
C0281,6,51
C0281,7,50
C0281,8,66
C0281,9,48
C0281,10,41
C0281,11,36
C0281,12,44
C0281,13,49
C0281,14,44
C0281,15,44
C0281,16,32
C0281,17,47
C0281,18,43
C0281,19,44
C0281,20,38
C0281,21,31
C0281,22,50
C0281,23,48
C0281,24,48
C0281,25,52
C0281,26,46
C0282,1,57
C0282,2,54
C0282,3,66
C0282,4,63
C0282,5,57
C0282,6,56
C0282,7,38
C0282,8,42
C0282,9,53
C0282,10,61
C0282,11,40
C0282,12,55
C0282,13,52
C0282,14,59
C0282,15,56
C0282,16,51
C0282,17,50
C0282,18,43
C0282,19,63
C0282,20,51
C0282,21,53
C0282,22,59
C0282,23,52
C0282,24,46
C0282,25,57
C0282,26,53
C0283,1,25
C0283,2,26
C0283,3,24
C0283,4,15
C0283,5,29
C0283,6,30
C0283,7,26
C0283,8,24
C0283,9,24
C0283,10,25
C0283,11,8
C0283,12,5
C0283,13,10
C0283,14,6
C0283,15,12
C0283,16,6
C0283,17,6
C0283,18,7
C0283,19,7
C0283,20,4
C0283,21,11
C0283,22,1
C0283,23,13
C0283,24,5
C0283,25,13
C0283,26,9
C0284,1,40
C0284,2,29
C0284,3,42
C0284,4,43
C0284,5,34
C0284,6,38
C0284,7,39
C0284,8,37
C0284,9,39
C0284,10,54
C0284,11,47
C0284,12,39
C0284,13,34
C0284,14,40
C0284,15,36
C0284,16,46
C0284,17,33
C0284,18,30
C0284,19,41
C0284,20,35
C0284,21,42
C0284,22,39
C0284,23,29
C0284,24,45
C0284,25,47
C0284,26,40
C0285,1,35
C0285,2,23
C0285,3,31
C0285,4,20
C0285,5,26
C0285,6,21
C0285,7,33
C0285,8,29
C0285,9,27
C0285,10,31
C0285,11,33
C0285,12,23
C0285,13,26
C0285,14,25
C0285,15,36
C0285,16,38
C0285,17,28
C0285,18,42
C0285,19,38
C0285,20,26
C0285,21,35
C0285,22,19
C0285,23,45
C0285,24,28
C0285,25,42
C0285,26,40
C0286,1,17
C0286,2,28
C0286,3,28
C0286,4,17
C0286,5,26
C0286,6,17
C0286,7,18
C0286,8,16
C0286,9,31
C0286,10,23
C0286,11,22
C0286,12,22
C0286,13,19
C0286,14,26
C0286,15,14
C0286,16,9
C0286,17,28
C0286,18,18
C0286,19,17
C0286,20,15
C0286,21,18
C0286,22,8
C0286,23,9
C0286,24,19
C0286,25,13
C0286,26,15
C0287,1,52
C0287,2,72
C0287,3,64
C0287,4,41
C0287,5,61
C0287,6,66
C0287,7,66
C0287,8,54
C0287,9,42
C0287,10,52
C0287,11,60
C0287,12,48
C0287,13,57
C0287,14,53
C0287,15,61
C0287,16,51
C0287,17,53
C0287,18,56
C0287,19,56
C0287,20,63
C0287,21,59
C0287,22,38
C0287,23,71
C0287,24,55
C0287,25,49
C0287,26,53
C0288,1,26
C0288,2,30
C0288,3,25
C0288,4,20
C0288,5,30
C0288,6,30
C0288,7,31
C0288,8,19
C0288,9,21
C0288,10,22
C0288,11,23
C0288,12,24
C0288,13,32
C0288,14,19
C0288,15,31
C0288,16,13
C0288,17,39
C0288,18,17
C0288,19,13
C0288,20,19
C0288,21,34
C0288,22,29
C0288,23,38
C0288,24,26
C0288,25,22
C0288,26,20
C0289,1,66
C0289,2,64
C0289,3,56
C0289,4,65
C0289,5,52
C0289,6,50
C0289,7,43
C0289,8,54
C0289,9,52
C0289,10,46
C0289,11,33
C0289,12,24
C0289,13,9
C0289,14,8
C0289,15,11
C0289,16,12
C0289,17,18
C0289,18,9
C0289,19,10
C0289,20,13
C0289,21,7
C0289,22,13
C0289,23,12
C0289,24,10
C0289,25,9
C0289,26,23
C0290,1,55
C0290,2,80
C0290,3,90
C0290,4,96
C0290,5,83
C0290,6,72
C0290,7,83
C0290,8,70
C0290,9,86
C0290,10,96
C0290,11,95
C0290,12,66
C0290,13,60
C0290,14,72
C0290,15,76
C0290,16,68
C0290,17,69
C0290,18,65
C0290,19,80
C0290,20,74
C0290,21,73
C0290,22,48
C0290,23,91
C0290,24,76
C0290,25,60
C0290,26,66
C0291,1,34
C0291,2,53
C0291,3,35
C0291,4,41
C0291,5,47
C0291,6,46
C0291,7,32
C0291,8,37
C0291,9,30
C0291,10,40
C0291,11,52
C0291,12,61
C0291,13,48
C0291,14,49
C0291,15,54
C0291,16,39
C0291,17,51
C0291,18,39
C0291,19,31
C0291,20,39
C0291,21,42
C0291,22,51
C0291,23,29
C0291,24,38
C0291,25,53
C0291,26,27
C0292,1,20
C0292,2,37
C0292,3,38
C0292,4,36
C0292,5,36
C0292,6,35
C0292,7,42
C0292,8,35
C0292,9,30
C0292,10,35
C0292,11,29
C0292,12,39
C0292,13,42
C0292,14,36
C0292,15,44
C0292,16,34
C0292,17,35
C0292,18,39
C0292,19,28
C0292,20,29
C0292,21,32
C0292,22,30
C0292,23,30
C0292,24,31
C0292,25,23
C0292,26,32
C0293,1,55
C0293,2,46
C0293,3,54
C0293,4,47
C0293,5,52
C0293,6,55
C0293,7,52
C0293,8,50
C0293,9,59
C0293,10,52
C0293,11,55
C0293,12,38
C0293,13,55
C0293,14,61
C0293,15,46
C0293,16,54
C0293,17,52
C0293,18,59
C0293,19,61
C0293,20,45
C0293,21,58
C0293,22,62
C0293,23,68
C0293,24,52
C0293,25,55
C0293,26,39
C0294,1,24
C0294,2,36
C0294,3,34
C0294,4,28
C0294,5,20
C0294,6,29
C0294,7,28
C0294,8,34
C0294,9,38
C0294,10,30
C0294,11,25
C0294,12,28
C0294,13,20
C0294,14,42
C0294,15,26
C0294,16,31
C0294,17,21
C0294,18,39
C0294,19,19
C0294,20,19
C0294,21,14
C0294,22,6
C0294,23,13
C0294,24,17
C0294,25,17
C0294,26,14
C0295,1,27
C0295,2,22
C0295,3,36
C0295,4,20
C0295,5,16
C0295,6,29
C0295,7,23
C0295,8,27
C0295,9,17
C0295,10,33
C0295,11,42
C0295,12,32
C0295,13,26
C0295,14,39
C0295,15,25
C0295,16,19
C0295,17,39
C0295,18,37
C0295,19,28
C0295,20,26
C0295,21,23
C0295,22,32
C0295,23,16
C0295,24,17
C0295,25,33
C0295,26,33
C0296,1,5
C0296,2,7
C0296,3,8
C0296,4,6
C0296,5,6
C0296,6,4
C0296,7,14
C0296,8,7
C0296,9,7
C0296,10,12
C0296,11,7
C0296,12,4
C0296,13,3
C0296,14,12
C0296,15,9
C0296,16,2
C0296,17,7
C0296,18,11
C0296,19,6
C0296,20,12
C0296,21,9
C0296,22,8
C0296,23,4
C0296,24,0
C0296,25,15
C0296,26,9
C0297,1,16
C0297,2,18
C0297,3,23
C0297,4,22
C0297,5,23
C0297,6,14
C0297,7,14
C0297,8,23
C0297,9,25
C0297,10,19
C0297,11,9
C0297,12,19
C0297,13,22
C0297,14,18
C0297,15,12
C0297,16,21
C0297,17,7
C0297,18,23
C0297,19,16
C0297,20,15
C0297,21,19
C0297,22,14
C0297,23,6
C0297,24,11
C0297,25,14
C0297,26,15
C0298,1,19
C0298,2,29
C0298,3,23
C0298,4,17
C0298,5,21
C0298,6,15
C0298,7,24
C0298,8,26
C0298,9,19
C0298,10,28
C0298,11,22
C0298,12,37
C0298,13,19
C0298,14,21
C0298,15,25
C0298,16,25
C0298,17,21
C0298,18,20
C0298,19,20
C0298,20,18
C0298,21,18
C0298,22,7
C0298,23,14
C0298,24,10
C0298,25,13
C0298,26,12
C0299,1,50
C0299,2,61
C0299,3,59
C0299,4,54
C0299,5,53
C0299,6,67
C0299,7,68
C0299,8,72
C0299,9,53
C0299,10,64
C0299,11,68
C0299,12,47
C0299,13,52
C0299,14,36
C0299,15,32
C0299,16,51
C0299,17,36
C0299,18,39
C0299,19,35
C0299,20,28
C0299,21,36
C0299,22,28
C0299,23,39
C0299,24,42
C0299,25,36
C0299,26,37
C0300,1,52
C0300,2,52
C0300,3,41
C0300,4,31
C0300,5,56
C0300,6,57
C0300,7,49
C0300,8,38
C0300,9,56
C0300,10,53
C0300,11,54
C0300,12,52
C0300,13,53
C0300,14,42
C0300,15,57
C0300,16,41
C0300,17,43
C0300,18,55
C0300,19,59
C0300,20,46
C0300,21,48
C0300,22,41
C0300,23,50
C0300,24,37
C0300,25,50
C0300,26,47
C0301,1,61
C0301,2,69
C0301,3,76
C0301,4,64
C0301,5,76
C0301,6,80
C0301,7,74
C0301,8,89
C0301,9,69
C0301,10,65
C0301,11,84
C0301,12,91
C0301,13,77
C0301,14,77
C0301,15,65
C0301,16,79
C0301,17,76
C0301,18,85
C0301,19,94
C0301,20,87
C0301,21,75
C0301,22,76
C0301,23,77
C0301,24,78
C0301,25,75
C0301,26,79
C0302,1,30
C0302,2,18
C0302,3,23
C0302,4,26
C0302,5,24
C0302,6,27
C0302,7,22
C0302,8,23
C0302,9,25
C0302,10,29
C0302,11,19
C0302,12,18
C0302,13,19
C0302,14,21
C0302,15,22
C0302,16,18
C0302,17,23
C0302,18,22
C0302,19,17
C0302,20,20
C0302,21,10
C0302,22,20
C0302,23,26
C0302,24,16
C0302,25,20
C0302,26,24
C0303,1,71
C0303,2,70
C0303,3,58
C0303,4,69
C0303,5,61
C0303,6,74
C0303,7,58
C0303,8,86
C0303,9,67
C0303,10,68
C0303,11,85
C0303,12,59
C0303,13,67
C0303,14,65
C0303,15,89
C0303,16,66
C0303,17,59
C0303,18,72
C0303,19,71
C0303,20,73
C0303,21,64
C0303,22,68
C0303,23,65
C0303,24,66
C0303,25,64
C0303,26,44
C0304,1,5
C0304,2,16
C0304,3,10
C0304,4,12
C0304,5,5
C0304,6,13
C0304,7,14
C0304,8,11
C0304,9,9
C0304,10,12
C0304,11,11
C0304,12,15
C0304,13,17
C0304,14,16
C0304,15,11
C0304,16,15
C0304,17,15
C0304,18,14
C0304,19,12
C0304,20,4
C0304,21,10
C0304,22,11
C0304,23,20
C0304,24,13
C0304,25,13
C0304,26,7
C0305,1,51
C0305,2,60
C0305,3,51
C0305,4,54
C0305,5,66
C0305,6,55
C0305,7,44
C0305,8,58
C0305,9,49
C0305,10,57
C0305,11,51
C0305,12,45
C0305,13,49
C0305,14,48
C0305,15,45
C0305,16,47
C0305,17,35
C0305,18,42
C0305,19,39
C0305,20,50
C0305,21,39
C0305,22,46
C0305,23,47
C0305,24,44
C0305,25,49
C0305,26,44
C0306,1,33
C0306,2,42
C0306,3,42
C0306,4,40
C0306,5,40
C0306,6,35
C0306,7,41
C0306,8,53
C0306,9,27
C0306,10,36
C0306,11,29
C0306,12,35
C0306,13,37
C0306,14,29
C0306,15,34
C0306,16,36
C0306,17,27
C0306,18,17
C0306,19,17
C0306,20,13
C0306,21,4
C0306,22,8
C0306,23,7
C0306,24,5
C0306,25,2
C0306,26,2
C0307,1,31
C0307,2,23
C0307,3,33
C0307,4,40
C0307,5,22
C0307,6,29
C0307,7,28
C0307,8,38
C0307,9,37
C0307,10,36
C0307,11,31
C0307,12,28
C0307,13,25
C0307,14,12
C0307,15,22
C0307,16,10
C0307,17,18
C0307,18,15
C0307,19,16
C0307,20,17
C0307,21,6
C0307,22,18
C0307,23,17
C0307,24,14
C0307,25,8
C0307,26,20
C0308,1,72
C0308,2,59
C0308,3,66
C0308,4,61
C0308,5,51
C0308,6,60
C0308,7,51
C0308,8,55
C0308,9,72
C0308,10,71
C0308,11,64
C0308,12,50
C0308,13,56
C0308,14,50
C0308,15,80
C0308,16,54
C0308,17,43
C0308,18,71
C0308,19,54
C0308,20,56
C0308,21,68
C0308,22,59
C0308,23,50
C0308,24,61
C0308,25,49
C0308,26,43
C0309,1,29
C0309,2,28
C0309,3,28
C0309,4,30
C0309,5,43
C0309,6,42
C0309,7,40
C0309,8,37
C0309,9,38
C0309,10,37
C0309,11,24
C0309,12,33
C0309,13,33
C0309,14,40
C0309,15,27
C0309,16,22
C0309,17,28
C0309,18,31
C0309,19,31
C0309,20,27
C0309,21,34
C0309,22,25
C0309,23,36
C0309,24,21
C0309,25,29
C0309,26,27
C0310,1,65
C0310,2,68
C0310,3,57
C0310,4,70
C0310,5,72
C0310,6,63
C0310,7,59
C0310,8,68
C0310,9,57
C0310,10,70
C0310,11,74
C0310,12,67
C0310,13,70
C0310,14,82
C0310,15,87
C0310,16,70
C0310,17,59
C0310,18,76
C0310,19,59
C0310,20,78
C0310,21,79
C0310,22,75
C0310,23,76
C0310,24,90
C0310,25,58
C0310,26,64
C0311,1,12
C0311,2,16
C0311,3,12
C0311,4,12
C0311,5,10
C0311,6,8
C0311,7,14
C0311,8,12
C0311,9,16
C0311,10,11
C0311,11,18
C0311,12,11
C0311,13,15
C0311,14,3
C0311,15,10
C0311,16,5
C0311,17,1
C0311,18,5
C0311,19,2
C0311,20,3
C0311,21,4
C0311,22,5
C0311,23,0
C0311,24,4
C0311,25,8
C0311,26,5
C0312,1,58
C0312,2,66
C0312,3,78
C0312,4,66
C0312,5,49
C0312,6,58
C0312,7,73
C0312,8,69
C0312,9,76
C0312,10,76
C0312,11,67
C0312,12,69
C0312,13,82
C0312,14,58
C0312,15,80
C0312,16,72
C0312,17,91
C0312,18,64
C0312,19,77
C0312,20,74
C0312,21,63
C0312,22,75
C0312,23,72
C0312,24,66
C0312,25,60
C0312,26,64
C0313,1,26
C0313,2,19
C0313,3,17
C0313,4,30
C0313,5,23
C0313,6,14
C0313,7,14
C0313,8,21
C0313,9,16
C0313,10,24
C0313,11,24
C0313,12,27
C0313,13,23
C0313,14,15
C0313,15,19
C0313,16,10
C0313,17,7
C0313,18,13
C0313,19,16
C0313,20,12
C0313,21,18
C0313,22,10
C0313,23,14
C0313,24,11
C0313,25,6
C0313,26,11
C0314,1,13
C0314,2,28
C0314,3,21
C0314,4,17
C0314,5,16
C0314,6,29
C0314,7,19
C0314,8,20
C0314,9,26
C0314,10,25
C0314,11,22
C0314,12,16
C0314,13,5
C0314,14,13
C0314,15,0
C0314,16,2
C0314,17,0
C0314,18,2
C0314,19,2
C0314,20,3
C0314,21,3
C0314,22,0
C0314,23,4
C0314,24,2
C0314,25,1
C0314,26,2
C0315,1,14
C0315,2,9
C0315,3,20
C0315,4,12
C0315,5,12
C0315,6,18
C0315,7,18
C0315,8,14
C0315,9,28
C0315,10,16
C0315,11,18
C0315,12,19
C0315,13,13
C0315,14,10
C0315,15,17
C0315,16,17
C0315,17,9
C0315,18,10
C0315,19,7
C0315,20,5
C0315,21,11
C0315,22,6
C0315,23,5
C0315,24,9
C0315,25,4
C0315,26,8
C0316,1,70
C0316,2,65
C0316,3,76
C0316,4,73
C0316,5,82
C0316,6,85
C0316,7,85
C0316,8,68
C0316,9,72
C0316,10,62
C0316,11,88
C0316,12,74
C0316,13,93
C0316,14,81
C0316,15,82
C0316,16,77
C0316,17,87
C0316,18,55
C0316,19,85
C0316,20,75
C0316,21,80
C0316,22,75
C0316,23,57
C0316,24,104
C0316,25,92
C0316,26,82
C0317,1,23
C0317,2,18
C0317,3,11
C0317,4,24
C0317,5,21
C0317,6,26
C0317,7,18
C0317,8,21
C0317,9,17
C0317,10,18
C0317,11,18
C0317,12,14
C0317,13,28
C0317,14,19
C0317,15,17
C0317,16,7
C0317,17,13
C0317,18,10
C0317,19,9
C0317,20,10
C0317,21,7
C0317,22,13
C0317,23,7
C0317,24,5
C0317,25,11
C0317,26,4
C0318,1,20
C0318,2,29
C0318,3,27
C0318,4,37
C0318,5,28
C0318,6,29
C0318,7,22
C0318,8,20
C0318,9,39
C0318,10,29
C0318,11,33
C0318,12,36
C0318,13,27
C0318,14,29
C0318,15,35
C0318,16,16
C0318,17,24
C0318,18,18
C0318,19,26
C0318,20,29
C0318,21,28
C0318,22,26
C0318,23,27
C0318,24,29
C0318,25,27
C0318,26,25
C0319,1,56
C0319,2,59
C0319,3,50
C0319,4,60
C0319,5,59
C0319,6,41
C0319,7,55
C0319,8,54
C0319,9,52
C0319,10,75
C0319,11,39
C0319,12,39
C0319,13,42
C0319,14,34
C0319,15,33
C0319,16,40
C0319,17,41
C0319,18,31
C0319,19,26
C0319,20,32
C0319,21,22
C0319,22,38
C0319,23,44
C0319,24,24
C0319,25,24
C0319,26,26
C0320,1,67
C0320,2,55
C0320,3,63
C0320,4,64
C0320,5,67
C0320,6,49
C0320,7,54
C0320,8,69
C0320,9,62
C0320,10,68
C0320,11,52
C0320,12,61
C0320,13,59
C0320,14,59
C0320,15,50
C0320,16,53
C0320,17,51
C0320,18,60
C0320,19,52
C0320,20,58
C0320,21,59
C0320,22,58
C0320,23,48
C0320,24,59
C0320,25,51
C0320,26,49
C0321,1,29
C0321,2,18
C0321,3,16
C0321,4,16
C0321,5,26
C0321,6,13
C0321,7,15
C0321,8,18
C0321,9,21
C0321,10,19
C0321,11,14
C0321,12,20
C0321,13,22
C0321,14,15
C0321,15,9
C0321,16,19
C0321,17,15
C0321,18,14
C0321,19,15
C0321,20,23
C0321,21,17
C0321,22,15
C0321,23,13
C0321,24,9
C0321,25,13
C0321,26,15
C0322,1,31
C0322,2,27
C0322,3,32
C0322,4,27
C0322,5,34
C0322,6,25
C0322,7,35
C0322,8,22
C0322,9,41
C0322,10,32
C0322,11,36
C0322,12,33
C0322,13,42
C0322,14,24
C0322,15,17
C0322,16,39
C0322,17,26
C0322,18,31
C0322,19,38
C0322,20,40
C0322,21,26
C0322,22,31
C0322,23,35
C0322,24,37
C0322,25,26
C0322,26,39
C0323,1,41
C0323,2,40
C0323,3,40
C0323,4,36
C0323,5,24
C0323,6,39
C0323,7,46
C0323,8,35
C0323,9,33
C0323,10,42
C0323,11,36
C0323,12,34
C0323,13,25
C0323,14,48
C0323,15,40
C0323,16,30
C0323,17,37
C0323,18,32
C0323,19,43
C0323,20,37
C0323,21,39
C0323,22,27
C0323,23,35
C0323,24,35
C0323,25,20
C0323,26,37
C0324,1,32
C0324,2,27
C0324,3,25
C0324,4,35
C0324,5,30
C0324,6,38
C0324,7,28
C0324,8,27
C0324,9,27
C0324,10,32
C0324,11,30
C0324,12,20
C0324,13,21
C0324,14,34
C0324,15,41
C0324,16,34
C0324,17,32
C0324,18,42
C0324,19,31
C0324,20,24
C0324,21,29
C0324,22,40
C0324,23,32
C0324,24,25
C0324,25,35
C0324,26,27
C0325,1,65
C0325,2,50
C0325,3,55
C0325,4,59
C0325,5,64
C0325,6,38
C0325,7,54
C0325,8,48
C0325,9,49
C0325,10,60
C0325,11,77
C0325,12,68
C0325,13,64
C0325,14,67
C0325,15,58
C0325,16,57
C0325,17,78
C0325,18,63
C0325,19,65
C0325,20,54
C0325,21,71
C0325,22,62
C0325,23,59
C0325,24,61
C0325,25,64
C0325,26,60
C0326,1,43
C0326,2,41
C0326,3,45
C0326,4,45
C0326,5,48
C0326,6,47
C0326,7,38
C0326,8,47
C0326,9,47
C0326,10,35
C0326,11,47
C0326,12,43
C0326,13,49
C0326,14,52
C0326,15,51
C0326,16,29
C0326,17,48
C0326,18,47
C0326,19,48
C0326,20,57
C0326,21,52
C0326,22,60
C0326,23,56
C0326,24,43
C0326,25,43
C0326,26,40
C0327,1,45
C0327,2,58
C0327,3,49
C0327,4,40
C0327,5,63
C0327,6,57
C0327,7,40
C0327,8,40
C0327,9,77
C0327,10,29
C0327,11,13
C0327,12,22
C0327,13,25
C0327,14,9
C0327,15,11
C0327,16,22
C0327,17,16
C0327,18,20
C0327,19,14
C0327,20,15
C0327,21,15
C0327,22,17
C0327,23,27
C0327,24,20
C0327,25,10
C0327,26,13
C0328,1,17
C0328,2,25
C0328,3,22
C0328,4,11
C0328,5,21
C0328,6,22
C0328,7,24
C0328,8,26
C0328,9,28
C0328,10,22
C0328,11,26
C0328,12,21
C0328,13,26
C0328,14,26
C0328,15,21
C0328,16,28
C0328,17,22
C0328,18,29
C0328,19,17
C0328,20,17
C0328,21,14
C0328,22,18
C0328,23,23
C0328,24,26
C0328,25,21
C0328,26,25
C0329,1,35
C0329,2,27
C0329,3,45
C0329,4,29
C0329,5,24
C0329,6,42
C0329,7,21
C0329,8,27
C0329,9,26
C0329,10,23
C0329,11,14
C0329,12,9
C0329,13,13
C0329,14,15
C0329,15,10
C0329,16,7
C0329,17,8
C0329,18,11
C0329,19,12
C0329,20,7
C0329,21,11
C0329,22,8
C0329,23,15
C0329,24,10
C0329,25,7
C0329,26,11
C0330,1,31
C0330,2,46
C0330,3,46
C0330,4,36
C0330,5,40
C0330,6,44
C0330,7,49
C0330,8,38
C0330,9,49
C0330,10,54
C0330,11,44
C0330,12,46
C0330,13,41
C0330,14,43
C0330,15,46
C0330,16,34
C0330,17,34
C0330,18,48
C0330,19,54
C0330,20,51
C0330,21,48
C0330,22,46
C0330,23,52
C0330,24,45
C0330,25,46
C0330,26,54
C0331,1,47
C0331,2,47
C0331,3,39
C0331,4,35
C0331,5,38
C0331,6,35
C0331,7,40
C0331,8,38
C0331,9,45
C0331,10,34
C0331,11,33
C0331,12,20
C0331,13,42
C0331,14,24
C0331,15,44
C0331,16,32
C0331,17,29
C0331,18,18
C0331,19,17
C0331,20,12
C0331,21,15
C0331,22,12
C0331,23,19
C0331,24,16
C0331,25,10
C0331,26,9
C0332,1,141
C0332,2,137
C0332,3,131
C0332,4,131
C0332,5,135
C0332,6,129
C0332,7,116
C0332,8,120
C0332,9,142
C0332,10,114
C0332,11,127
C0332,12,113
C0332,13,114
C0332,14,139
C0332,15,132
C0332,16,101
C0332,17,86
C0332,18,54
C0332,19,54
C0332,20,31
C0332,21,23
C0332,22,35
C0332,23,23
C0332,24,14
C0332,25,29
C0332,26,26
C0333,1,54
C0333,2,62
C0333,3,58
C0333,4,69
C0333,5,60
C0333,6,79
C0333,7,63
C0333,8,77
C0333,9,55
C0333,10,67
C0333,11,78
C0333,12,62
C0333,13,59
C0333,14,60
C0333,15,66
C0333,16,74
C0333,17,78
C0333,18,65
C0333,19,57
C0333,20,72
C0333,21,69
C0333,22,69
C0333,23,77
C0333,24,79
C0333,25,71
C0333,26,70
C0334,1,34
C0334,2,37
C0334,3,43
C0334,4,49
C0334,5,41
C0334,6,49
C0334,7,57
C0334,8,59
C0334,9,62
C0334,10,43
C0334,11,49
C0334,12,43
C0334,13,42
C0334,14,46
C0334,15,39
C0334,16,43
C0334,17,44
C0334,18,50
C0334,19,50
C0334,20,32
C0334,21,45
C0334,22,48
C0334,23,52
C0334,24,32
C0334,25,37
C0334,26,43
C0335,1,36
C0335,2,30
C0335,3,23
C0335,4,38
C0335,5,32
C0335,6,25
C0335,7,34
C0335,8,25
C0335,9,34
C0335,10,30
C0335,11,34
C0335,12,36
C0335,13,42
C0335,14,33
C0335,15,38
C0335,16,32
C0335,17,37
C0335,18,25
C0335,19,40
C0335,20,30
C0335,21,34
C0335,22,29
C0335,23,30
C0335,24,35
C0335,25,34
C0335,26,27
C0336,1,48
C0336,2,57
C0336,3,45
C0336,4,62
C0336,5,59
C0336,6,53
C0336,7,52
C0336,8,63
C0336,9,52
C0336,10,70
C0336,11,48
C0336,12,48
C0336,13,37
C0336,14,46
C0336,15,63
C0336,16,62
C0336,17,56
C0336,18,32
C0336,19,51
C0336,20,52
C0336,21,41
C0336,22,56
C0336,23,64
C0336,24,58
C0336,25,47
C0336,26,52
C0337,1,46
C0337,2,56
C0337,3,56
C0337,4,61
C0337,5,66
C0337,6,64
C0337,7,50
C0337,8,50
C0337,9,53
C0337,10,39
C0337,11,58
C0337,12,38
C0337,13,55
C0337,14,51
C0337,15,59
C0337,16,48
C0337,17,45
C0337,18,42
C0337,19,54
C0337,20,52
C0337,21,61
C0337,22,65
C0337,23,54
C0337,24,56
C0337,25,49
C0337,26,58
C0338,1,19
C0338,2,18
C0338,3,14
C0338,4,13
C0338,5,15
C0338,6,14
C0338,7,18
C0338,8,21
C0338,9,14
C0338,10,23
C0338,11,23
C0338,12,10
C0338,13,14
C0338,14,8
C0338,15,20
C0338,16,16
C0338,17,7
C0338,18,3
C0338,19,10
C0338,20,14
C0338,21,13
C0338,22,6
C0338,23,11
C0338,24,12
C0338,25,12
C0338,26,5
C0339,1,24
C0339,2,22
C0339,3,20
C0339,4,21
C0339,5,11
C0339,6,9
C0339,7,22
C0339,8,18
C0339,9,26
C0339,10,17
C0339,11,16
C0339,12,16
C0339,13,27
C0339,14,24
C0339,15,14
C0339,16,10
C0339,17,11
C0339,18,21
C0339,19,17
C0339,20,28
C0339,21,19
C0339,22,13
C0339,23,14
C0339,24,25
C0339,25,20
C0339,26,20
C0340,1,58
C0340,2,43
C0340,3,59
C0340,4,54
C0340,5,44
C0340,6,39
C0340,7,55
C0340,8,72
C0340,9,57
C0340,10,45
C0340,11,56
C0340,12,52
C0340,13,49
C0340,14,47
C0340,15,54
C0340,16,69
C0340,17,52
C0340,18,56
C0340,19,57
C0340,20,66
C0340,21,50
C0340,22,72
C0340,23,71
C0340,24,52
C0340,25,53
C0340,26,51
C0341,1,44
C0341,2,38
C0341,3,29
C0341,4,31
C0341,5,30
C0341,6,20
C0341,7,26
C0341,8,33
C0341,9,20
C0341,10,25
C0341,11,17
C0341,12,12
C0341,13,12
C0341,14,7
C0341,15,4
C0341,16,8
C0341,17,8
C0341,18,6
C0341,19,9
C0341,20,2
C0341,21,9
C0341,22,7
C0341,23,12
C0341,24,7
C0341,25,13
C0341,26,10
C0342,1,24
C0342,2,25
C0342,3,19
C0342,4,18
C0342,5,27
C0342,6,18
C0342,7,26
C0342,8,18
C0342,9,13
C0342,10,21
C0342,11,14
C0342,12,28
C0342,13,31
C0342,14,15
C0342,15,16
C0342,16,10
C0342,17,19
C0342,18,16
C0342,19,16
C0342,20,10
C0342,21,9
C0342,22,6
C0342,23,12
C0342,24,17
C0342,25,6
C0342,26,4
C0343,1,26
C0343,2,31
C0343,3,25
C0343,4,34
C0343,5,26
C0343,6,45
C0343,7,27
C0343,8,33
C0343,9,36
C0343,10,27
C0343,11,36
C0343,12,31
C0343,13,30
C0343,14,32
C0343,15,31
C0343,16,37
C0343,17,32
C0343,18,35
C0343,19,26
C0343,20,23
C0343,21,21
C0343,22,21
C0343,23,14
C0343,24,16
C0343,25,19
C0343,26,16
C0344,1,81
C0344,2,66
C0344,3,76
C0344,4,88
C0344,5,77
C0344,6,75
C0344,7,99
C0344,8,79
C0344,9,100
C0344,10,65
C0344,11,80
C0344,12,90
C0344,13,78
C0344,14,65
C0344,15,86
C0344,16,75
C0344,17,94
C0344,18,93
C0344,19,78
C0344,20,80
C0344,21,69
C0344,22,72
C0344,23,93
C0344,24,82
C0344,25,78
C0344,26,81
C0345,1,50
C0345,2,54
C0345,3,67
C0345,4,51
C0345,5,46
C0345,6,49
C0345,7,49
C0345,8,47
C0345,9,48
C0345,10,51
C0345,11,43
C0345,12,66
C0345,13,46
C0345,14,26
C0345,15,20
C0345,16,19
C0345,17,22
C0345,18,32
C0345,19,17
C0345,20,21
C0345,21,30
C0345,22,30
C0345,23,32
C0345,24,29
C0345,25,23
C0345,26,29
C0346,1,84
C0346,2,66
C0346,3,80
C0346,4,71
C0346,5,68
C0346,6,80
C0346,7,73
C0346,8,83
C0346,9,71
C0346,10,77
C0346,11,77
C0346,12,87
C0346,13,61
C0346,14,90
C0346,15,74
C0346,16,25
C0346,17,24
C0346,18,19
C0346,19,21
C0346,20,20
C0346,21,25
C0346,22,20
C0346,23,19
C0346,24,24
C0346,25,16
C0346,26,27
C0347,1,19
C0347,2,15
C0347,3,24
C0347,4,30
C0347,5,24
C0347,6,29
C0347,7,32
C0347,8,29
C0347,9,27
C0347,10,31
C0347,11,17
C0347,12,25
C0347,13,26
C0347,14,29
C0347,15,32
C0347,16,34
C0347,17,33
C0347,18,25
C0347,19,24
C0347,20,33
C0347,21,21
C0347,22,37
C0347,23,30
C0347,24,25
C0347,25,29
C0347,26,33
C0348,1,56
C0348,2,42
C0348,3,45
C0348,4,67
C0348,5,54
C0348,6,68
C0348,7,60
C0348,8,65
C0348,9,55
C0348,10,58
C0348,11,70
C0348,12,44
C0348,13,54
C0348,14,44
C0348,15,55
C0348,16,38
C0348,17,6
C0348,18,8
C0348,19,5
C0348,20,0
C0348,21,7
C0348,22,7
C0348,23,6
C0348,24,7
C0348,25,10
C0348,26,6
C0349,1,38
C0349,2,35
C0349,3,30
C0349,4,42
C0349,5,21
C0349,6,32
C0349,7,41
C0349,8,44
C0349,9,31
C0349,10,31
C0349,11,37
C0349,12,34
C0349,13,41
C0349,14,43
C0349,15,38
C0349,16,27
C0349,17,33
C0349,18,29
C0349,19,36
C0349,20,30
C0349,21,35
C0349,22,43
C0349,23,34
C0349,24,19
C0349,25,26
C0349,26,36
C0350,1,44
C0350,2,31
C0350,3,30
C0350,4,43
C0350,5,32
C0350,6,32
C0350,7,30
C0350,8,43
C0350,9,34
C0350,10,19
C0350,11,31
C0350,12,28
C0350,13,28
C0350,14,29
C0350,15,23
C0350,16,13
C0350,17,16
C0350,18,22
C0350,19,16
C0350,20,17
C0350,21,18
C0350,22,14
C0350,23,18
C0350,24,18
C0350,25,13
C0350,26,10
C0351,1,47
C0351,2,53
C0351,3,32
C0351,4,43
C0351,5,49
C0351,6,39
C0351,7,39
C0351,8,39
C0351,9,52
C0351,10,40
C0351,11,41
C0351,12,48
C0351,13,50
C0351,14,58
C0351,15,30
C0351,16,45
C0351,17,47
C0351,18,49
C0351,19,41
C0351,20,35
C0351,21,27
C0351,22,20
C0351,23,32
C0351,24,29
C0351,25,29
C0351,26,30
C0352,1,16
C0352,2,18
C0352,3,14
C0352,4,12
C0352,5,24
C0352,6,18
C0352,7,16
C0352,8,20
C0352,9,17
C0352,10,14
C0352,11,8
C0352,12,5
C0352,13,10
C0352,14,7
C0352,15,7
C0352,16,4
C0352,17,7
C0352,18,5
C0352,19,5
C0352,20,5
C0352,21,10
C0352,22,12
C0352,23,6
C0352,24,7
C0352,25,6
C0352,26,3
C0353,1,67
C0353,2,89
C0353,3,67
C0353,4,81
C0353,5,84
C0353,6,71
C0353,7,69
C0353,8,90
C0353,9,62
C0353,10,66
C0353,11,78
C0353,12,89
C0353,13,79
C0353,14,79
C0353,15,79
C0353,16,45
C0353,17,42
C0353,18,31
C0353,19,23
C0353,20,17
C0353,21,19
C0353,22,17
C0353,23,16
C0353,24,19
C0353,25,20
C0353,26,15
C0354,1,50
C0354,2,35
C0354,3,34
C0354,4,26
C0354,5,37
C0354,6,41
C0354,7,35
C0354,8,34
C0354,9,30
C0354,10,14
C0354,11,19
C0354,12,21
C0354,13,14
C0354,14,17
C0354,15,15
C0354,16,7
C0354,17,15
C0354,18,17
C0354,19,10
C0354,20,22
C0354,21,22
C0354,22,25
C0354,23,18
C0354,24,16
C0354,25,12
C0354,26,20
C0355,1,34
C0355,2,39
C0355,3,32
C0355,4,40
C0355,5,38
C0355,6,37
C0355,7,41
C0355,8,40
C0355,9,34
C0355,10,38
C0355,11,47
C0355,12,31
C0355,13,44
C0355,14,47
C0355,15,45
C0355,16,29
C0355,17,41
C0355,18,54
C0355,19,29
C0355,20,41
C0355,21,44
C0355,22,32
C0355,23,31
C0355,24,54
C0355,25,38
C0355,26,28
C0356,1,26
C0356,2,24
C0356,3,8
C0356,4,21
C0356,5,13
C0356,6,12
C0356,7,14
C0356,8,23
C0356,9,20
C0356,10,23
C0356,11,25
C0356,12,16
C0356,13,20
C0356,14,21
C0356,15,9
C0356,16,26
C0356,17,13
C0356,18,18
C0356,19,19
C0356,20,21
C0356,21,11
C0356,22,10
C0356,23,9
C0356,24,12
C0356,25,6
C0356,26,7
C0357,1,12
C0357,2,17
C0357,3,16
C0357,4,26
C0357,5,19
C0357,6,24
C0357,7,14
C0357,8,15
C0357,9,17
C0357,10,20
C0357,11,10
C0357,12,18
C0357,13,22
C0357,14,10
C0357,15,23
C0357,16,23
C0357,17,18
C0357,18,11
C0357,19,11
C0357,20,7
C0357,21,4
C0357,22,10
C0357,23,8
C0357,24,7
C0357,25,4
C0357,26,12
C0358,1,52
C0358,2,52
C0358,3,60
C0358,4,45
C0358,5,57
C0358,6,64
C0358,7,61
C0358,8,55
C0358,9,47
C0358,10,43
C0358,11,53
C0358,12,63
C0358,13,37
C0358,14,55
C0358,15,52
C0358,16,48
C0358,17,39
C0358,18,40
C0358,19,26
C0358,20,29
C0358,21,36
C0358,22,23
C0358,23,27
C0358,24,25
C0358,25,28
C0358,26,34
C0359,1,147
C0359,2,114
C0359,3,162
C0359,4,134
C0359,5,136
C0359,6,142
C0359,7,162
C0359,8,126
C0359,9,163
C0359,10,132
C0359,11,117
C0359,12,110
C0359,13,83
C0359,14,67
C0359,15,69
C0359,16,77
C0359,17,76
C0359,18,67
C0359,19,51
C0359,20,56
C0359,21,63
C0359,22,74
C0359,23,63
C0359,24,77
C0359,25,77
C0359,26,63
C0360,1,9
C0360,2,14
C0360,3,13
C0360,4,21
C0360,5,12
C0360,6,13
C0360,7,22
C0360,8,20
C0360,9,16
C0360,10,19
C0360,11,24
C0360,12,16
C0360,13,19
C0360,14,15
C0360,15,15
C0360,16,12
C0360,17,19
C0360,18,23
C0360,19,16
C0360,20,14
C0360,21,15
C0360,22,11
C0360,23,9
C0360,24,6
C0360,25,17
C0360,26,14
C0361,1,9
C0361,2,30
C0361,3,19
C0361,4,26
C0361,5,23
C0361,6,23
C0361,7,21
C0361,8,23
C0361,9,22
C0361,10,20
C0361,11,21
C0361,12,24
C0361,13,17
C0361,14,23
C0361,15,12
C0361,16,23
C0361,17,18
C0361,18,17
C0361,19,25
C0361,20,26
C0361,21,13
C0361,22,20
C0361,23,21
C0361,24,19
C0361,25,23
C0361,26,15
C0362,1,14
C0362,2,19
C0362,3,27
C0362,4,14
C0362,5,15
C0362,6,18
C0362,7,23
C0362,8,26
C0362,9,21
C0362,10,24
C0362,11,17
C0362,12,19
C0362,13,18
C0362,14,16
C0362,15,26
C0362,16,26
C0362,17,12
C0362,18,26
C0362,19,22
C0362,20,25
C0362,21,22
C0362,22,30
C0362,23,21
C0362,24,19
C0362,25,10
C0362,26,20
C0363,1,21
C0363,2,16
C0363,3,12
C0363,4,13
C0363,5,18
C0363,6,10
C0363,7,21
C0363,8,20
C0363,9,11
C0363,10,15
C0363,11,11
C0363,12,14
C0363,13,17
C0363,14,27
C0363,15,16
C0363,16,9
C0363,17,5
C0363,18,0
C0363,19,0
C0363,20,3
C0363,21,2
C0363,22,1
C0363,23,1
C0363,24,3
C0363,25,4
C0363,26,1
C0364,1,29
C0364,2,15
C0364,3,26
C0364,4,13
C0364,5,19
C0364,6,28
C0364,7,14
C0364,8,12
C0364,9,19
C0364,10,22
C0364,11,26
C0364,12,22
C0364,13,17
C0364,14,19
C0364,15,33
C0364,16,19
C0364,17,25
C0364,18,13
C0364,19,22
C0364,20,18
C0364,21,11
C0364,22,22
C0364,23,16
C0364,24,21
C0364,25,19
C0364,26,21
C0365,1,87
C0365,2,61
C0365,3,64
C0365,4,81
C0365,5,73
C0365,6,82
C0365,7,92
C0365,8,60
C0365,9,72
C0365,10,74
C0365,11,79
C0365,12,74
C0365,13,83
C0365,14,71
C0365,15,62
C0365,16,79
C0365,17,80
C0365,18,68
C0365,19,80
C0365,20,62
C0365,21,77
C0365,22,74
C0365,23,79
C0365,24,79
C0365,25,81
C0365,26,76
C0366,1,43
C0366,2,39
C0366,3,51
C0366,4,47
C0366,5,40
C0366,6,32
C0366,7,37
C0366,8,44
C0366,9,30
C0366,10,54
C0366,11,54
C0366,12,49
C0366,13,34
C0366,14,43
C0366,15,39
C0366,16,42
C0366,17,44
C0366,18,54
C0366,19,41
C0366,20,33
C0366,21,24
C0366,22,38
C0366,23,58
C0366,24,41
C0366,25,37
C0366,26,46
C0367,1,92
C0367,2,87
C0367,3,56
C0367,4,66
C0367,5,80
C0367,6,78
C0367,7,82
C0367,8,94
C0367,9,89
C0367,10,92
C0367,11,91
C0367,12,68
C0367,13,67
C0367,14,37
C0367,15,48
C0367,16,42
C0367,17,28
C0367,18,28
C0367,19,42
C0367,20,34
C0367,21,41
C0367,22,32
C0367,23,43
C0367,24,29
C0367,25,32
C0367,26,49
C0368,1,53
C0368,2,31
C0368,3,39
C0368,4,44
C0368,5,57
C0368,6,51
C0368,7,47
C0368,8,62
C0368,9,62
C0368,10,40
C0368,11,40
C0368,12,40
C0368,13,53
C0368,14,48
C0368,15,35
C0368,16,48
C0368,17,46
C0368,18,59
C0368,19,29
C0368,20,22
C0368,21,4
C0368,22,14
C0368,23,11
C0368,24,10
C0368,25,10
C0368,26,2
C0369,1,47
C0369,2,52
C0369,3,41
C0369,4,55
C0369,5,46
C0369,6,61
C0369,7,52
C0369,8,47
C0369,9,51
C0369,10,63
C0369,11,60
C0369,12,54
C0369,13,54
C0369,14,55
C0369,15,73
C0369,16,56
C0369,17,62
C0369,18,52
C0369,19,43
C0369,20,54
C0369,21,54
C0369,22,56
C0369,23,47
C0369,24,53
C0369,25,47
C0369,26,68
C0370,1,43
C0370,2,42
C0370,3,34
C0370,4,45
C0370,5,53
C0370,6,50
C0370,7,52
C0370,8,54
C0370,9,36
C0370,10,41
C0370,11,33
C0370,12,37
C0370,13,28
C0370,14,37
C0370,15,44
C0370,16,26
C0370,17,20
C0370,18,22
C0370,19,24
C0370,20,25
C0370,21,18
C0370,22,23
C0370,23,26
C0370,24,27
C0370,25,22
C0370,26,34
C0371,1,16
C0371,2,17
C0371,3,25
C0371,4,17
C0371,5,24
C0371,6,19
C0371,7,17
C0371,8,18
C0371,9,21
C0371,10,20
C0371,11,14
C0371,12,6
C0371,13,3
C0371,14,3
C0371,15,0
C0371,16,3
C0371,17,5
C0371,18,4
C0371,19,5
C0371,20,3
C0371,21,3
C0371,22,4
C0371,23,1
C0371,24,2
C0371,25,5
C0371,26,3
C0372,1,41
C0372,2,25
C0372,3,32
C0372,4,47
C0372,5,39
C0372,6,33
C0372,7,42
C0372,8,43
C0372,9,42
C0372,10,31
C0372,11,28
C0372,12,34
C0372,13,26
C0372,14,23
C0372,15,25
C0372,16,12
C0372,17,25
C0372,18,18
C0372,19,22
C0372,20,36
C0372,21,28
C0372,22,19
C0372,23,29
C0372,24,33
C0372,25,27
C0372,26,29
C0373,1,24
C0373,2,43
C0373,3,19
C0373,4,24
C0373,5,33
C0373,6,35
C0373,7,44
C0373,8,16
C0373,9,26
C0373,10,19
C0373,11,33
C0373,12,17
C0373,13,29
C0373,14,37
C0373,15,32
C0373,16,16
C0373,17,22
C0373,18,28
C0373,19,30
C0373,20,23
C0373,21,19
C0373,22,18
C0373,23,14
C0373,24,17
C0373,25,18
C0373,26,24
C0374,1,50
C0374,2,58
C0374,3,43
C0374,4,55
C0374,5,60
C0374,6,48
C0374,7,59
C0374,8,58
C0374,9,44
C0374,10,49
C0374,11,46
C0374,12,52
C0374,13,53
C0374,14,46
C0374,15,45
C0374,16,30
C0374,17,29
C0374,18,20
C0374,19,29
C0374,20,17
C0374,21,26
C0374,22,34
C0374,23,37
C0374,24,22
C0374,25,31
C0374,26,29
C0375,1,46
C0375,2,36
C0375,3,33
C0375,4,44
C0375,5,45
C0375,6,34
C0375,7,41
C0375,8,41
C0375,9,34
C0375,10,43
C0375,11,39
C0375,12,68
C0375,13,64
C0375,14,40
C0375,15,52
C0375,16,38
C0375,17,40
C0375,18,46
C0375,19,45
C0375,20,48
C0375,21,58
C0375,22,38
C0375,23,54
C0375,24,43
C0375,25,42
C0375,26,39
C0376,1,9
C0376,2,13
C0376,3,6
C0376,4,10
C0376,5,5
C0376,6,7
C0376,7,8
C0376,8,16
C0376,9,9
C0376,10,13
C0376,11,4
C0376,12,11
C0376,13,13
C0376,14,12
C0376,15,9
C0376,16,14
C0376,17,11
C0376,18,9
C0376,19,10
C0376,20,1
C0376,21,8
C0376,22,7
C0376,23,10
C0376,24,11
C0376,25,1
C0376,26,11
C0377,1,16
C0377,2,19
C0377,3,13
C0377,4,18
C0377,5,27
C0377,6,17
C0377,7,23
C0377,8,6
C0377,9,19
C0377,10,21
C0377,11,14
C0377,12,11
C0377,13,21
C0377,14,21
C0377,15,17
C0377,16,20
C0377,17,25
C0377,18,12
C0377,19,3
C0377,20,2
C0377,21,0
C0377,22,1
C0377,23,2
C0377,24,2
C0377,25,1
C0377,26,0
C0378,1,121
C0378,2,152
C0378,3,147
C0378,4,132
C0378,5,129
C0378,6,131
C0378,7,109
C0378,8,131
C0378,9,125
C0378,10,125
C0378,11,130
C0378,12,117
C0378,13,139
C0378,14,141
C0378,15,121
C0378,16,129
C0378,17,121
C0378,18,136
C0378,19,151
C0378,20,163
C0378,21,137
C0378,22,114
C0378,23,147
C0378,24,148
C0378,25,150
C0378,26,134
C0379,1,30
C0379,2,18
C0379,3,18
C0379,4,22
C0379,5,25
C0379,6,27
C0379,7,28
C0379,8,25
C0379,9,19
C0379,10,25
C0379,11,21
C0379,12,26
C0379,13,28
C0379,14,29
C0379,15,32
C0379,16,17
C0379,17,24
C0379,18,30
C0379,19,17
C0379,20,30
C0379,21,23
C0379,22,27
C0379,23,27
C0379,24,27
C0379,25,27
C0379,26,19
C0380,1,39
C0380,2,28
C0380,3,35
C0380,4,36
C0380,5,25
C0380,6,32
C0380,7,32
C0380,8,34
C0380,9,29
C0380,10,36
C0380,11,34
C0380,12,27
C0380,13,36
C0380,14,35
C0380,15,36
C0380,16,34
C0380,17,35
C0380,18,27
C0380,19,37
C0380,20,43
C0380,21,42
C0380,22,38
C0380,23,33
C0380,24,34
C0380,25,32
C0380,26,31
C0381,1,23
C0381,2,32
C0381,3,20
C0381,4,23
C0381,5,27
C0381,6,14
C0381,7,21
C0381,8,22
C0381,9,23
C0381,10,12
C0381,11,24
C0381,12,12
C0381,13,32
C0381,14,37
C0381,15,18
C0381,16,30
C0381,17,40
C0381,18,21
C0381,19,23
C0381,20,19
C0381,21,20
C0381,22,22
C0381,23,30
C0381,24,23
C0381,25,13
C0381,26,22
C0382,1,32
C0382,2,44
C0382,3,27
C0382,4,39
C0382,5,26
C0382,6,42
C0382,7,43
C0382,8,43
C0382,9,29
C0382,10,33
C0382,11,35
C0382,12,34
C0382,13,27
C0382,14,41
C0382,15,31
C0382,16,20
C0382,17,22
C0382,18,20
C0382,19,26
C0382,20,16
C0382,21,30
C0382,22,28
C0382,23,23
C0382,24,25
C0382,25,29
C0382,26,22
C0383,1,26
C0383,2,36
C0383,3,30
C0383,4,29
C0383,5,29
C0383,6,29
C0383,7,15
C0383,8,23
C0383,9,40
C0383,10,27
C0383,11,46
C0383,12,26
C0383,13,33
C0383,14,32
C0383,15,36
C0383,16,36
C0383,17,30
C0383,18,35
C0383,19,38
C0383,20,34
C0383,21,35
C0383,22,31
C0383,23,46
C0383,24,36
C0383,25,34
C0383,26,24
C0384,1,24
C0384,2,31
C0384,3,33
C0384,4,22
C0384,5,26
C0384,6,33
C0384,7,28
C0384,8,25
C0384,9,22
C0384,10,17
C0384,11,32
C0384,12,26
C0384,13,26
C0384,14,28
C0384,15,24
C0384,16,39
C0384,17,32
C0384,18,25
C0384,19,24
C0384,20,29
C0384,21,36
C0384,22,28
C0384,23,32
C0384,24,21
C0384,25,14
C0384,26,35
C0385,1,33
C0385,2,24
C0385,3,31
C0385,4,37
C0385,5,37
C0385,6,39
C0385,7,21
C0385,8,34
C0385,9,41
C0385,10,30
C0385,11,24
C0385,12,33
C0385,13,34
C0385,14,35
C0385,15,29
C0385,16,31
C0385,17,33
C0385,18,41
C0385,19,24
C0385,20,31
C0385,21,34
C0385,22,20
C0385,23,10
C0385,24,32
C0385,25,30
C0385,26,23
C0386,1,39
C0386,2,48
C0386,3,63
C0386,4,54
C0386,5,50
C0386,6,56
C0386,7,37
C0386,8,60
C0386,9,52
C0386,10,49
C0386,11,70
C0386,12,48
C0386,13,48
C0386,14,34
C0386,15,57
C0386,16,64
C0386,17,62
C0386,18,49
C0386,19,51
C0386,20,46
C0386,21,66
C0386,22,67
C0386,23,45
C0386,24,58
C0386,25,51
C0386,26,54
C0387,1,34
C0387,2,36
C0387,3,53
C0387,4,37
C0387,5,36
C0387,6,50
C0387,7,40
C0387,8,33
C0387,9,48
C0387,10,43
C0387,11,28
C0387,12,25
C0387,13,22
C0387,14,19
C0387,15,29
C0387,16,33
C0387,17,14
C0387,18,18
C0387,19,24
C0387,20,33
C0387,21,23
C0387,22,34
C0387,23,12
C0387,24,25
C0387,25,23
C0387,26,20
C0388,1,21
C0388,2,28
C0388,3,18
C0388,4,20
C0388,5,13
C0388,6,30
C0388,7,28
C0388,8,10
C0388,9,29
C0388,10,22
C0388,11,23
C0388,12,18
C0388,13,29
C0388,14,16
C0388,15,37
C0388,16,21
C0388,17,22
C0388,18,21
C0388,19,33
C0388,20,21
C0388,21,24
C0388,22,27
C0388,23,20
C0388,24,22
C0388,25,21
C0388,26,22
C0389,1,11
C0389,2,21
C0389,3,30
C0389,4,26
C0389,5,28
C0389,6,22
C0389,7,27
C0389,8,29
C0389,9,23
C0389,10,14
C0389,11,22
C0389,12,23
C0389,13,17
C0389,14,19
C0389,15,25
C0389,16,31
C0389,17,30
C0389,18,32
C0389,19,29
C0389,20,34
C0389,21,28
C0389,22,30
C0389,23,26
C0389,24,21
C0389,25,21
C0389,26,20
C0390,1,33
C0390,2,24
C0390,3,24
C0390,4,30
C0390,5,19
C0390,6,36
C0390,7,33
C0390,8,36
C0390,9,22
C0390,10,17
C0390,11,18
C0390,12,24
C0390,13,30
C0390,14,30
C0390,15,30
C0390,16,31
C0390,17,21
C0390,18,37
C0390,19,25
C0390,20,39
C0390,21,24
C0390,22,25
C0390,23,15
C0390,24,24
C0390,25,25
C0390,26,26
C0391,1,89
C0391,2,64
C0391,3,77
C0391,4,98
C0391,5,68
C0391,6,68
C0391,7,81
C0391,8,101
C0391,9,77
C0391,10,87
C0391,11,91
C0391,12,72
C0391,13,91
C0391,14,92
C0391,15,91
C0391,16,80
C0391,17,75
C0391,18,35
C0391,19,78
C0391,20,82
C0391,21,84
C0391,22,75
C0391,23,75
C0391,24,82
C0391,25,66
C0391,26,70
C0392,1,54
C0392,2,54
C0392,3,54
C0392,4,51
C0392,5,43
C0392,6,50
C0392,7,33
C0392,8,61
C0392,9,53
C0392,10,44
C0392,11,45
C0392,12,61
C0392,13,32
C0392,14,49
C0392,15,50
C0392,16,54
C0392,17,61
C0392,18,43
C0392,19,57
C0392,20,45
C0392,21,38
C0392,22,55
C0392,23,62
C0392,24,53
C0392,25,59
C0392,26,63
C0393,1,19
C0393,2,42
C0393,3,30
C0393,4,46
C0393,5,41
C0393,6,35
C0393,7,46
C0393,8,43
C0393,9,37
C0393,10,33
C0393,11,40
C0393,12,24
C0393,13,29
C0393,14,8
C0393,15,6
C0393,16,8
C0393,17,14
C0393,18,10
C0393,19,7
C0393,20,10
C0393,21,6
C0393,22,13
C0393,23,12
C0393,24,9
C0393,25,12
C0393,26,14
C0394,1,30
C0394,2,48
C0394,3,51
C0394,4,53
C0394,5,52
C0394,6,44
C0394,7,40
C0394,8,45
C0394,9,39
C0394,10,40
C0394,11,41
C0394,12,48
C0394,13,46
C0394,14,28
C0394,15,43
C0394,16,40
C0394,17,39
C0394,18,40
C0394,19,45
C0394,20,47
C0394,21,35
C0394,22,53
C0394,23,36
C0394,24,41
C0394,25,48
C0394,26,26
C0395,1,58
C0395,2,46
C0395,3,59
C0395,4,60
C0395,5,52
C0395,6,70
C0395,7,45
C0395,8,67
C0395,9,62
C0395,10,52
C0395,11,55
C0395,12,57
C0395,13,60
C0395,14,44
C0395,15,60
C0395,16,55
C0395,17,66
C0395,18,60
C0395,19,59
C0395,20,57
C0395,21,50
C0395,22,58
C0395,23,51
C0395,24,51
C0395,25,52
C0395,26,63
C0396,1,40
C0396,2,35
C0396,3,30
C0396,4,35
C0396,5,28
C0396,6,37
C0396,7,31
C0396,8,36
C0396,9,35
C0396,10,37
C0396,11,48
C0396,12,32
C0396,13,35
C0396,14,31
C0396,15,26
C0396,16,24
C0396,17,33
C0396,18,44
C0396,19,39
C0396,20,32
C0396,21,43
C0396,22,29
C0396,23,29
C0396,24,37
C0396,25,35
C0396,26,30
C0397,1,64
C0397,2,61
C0397,3,68
C0397,4,51
C0397,5,56
C0397,6,59
C0397,7,61
C0397,8,59
C0397,9,67
C0397,10,72
C0397,11,55
C0397,12,64
C0397,13,61
C0397,14,78
C0397,15,66
C0397,16,69
C0397,17,55
C0397,18,55
C0397,19,44
C0397,20,39
C0397,21,12
C0397,22,15
C0397,23,17
C0397,24,16
C0397,25,15
C0397,26,20
C0398,1,42
C0398,2,37
C0398,3,45
C0398,4,33
C0398,5,44
C0398,6,41
C0398,7,45
C0398,8,35
C0398,9,53
C0398,10,49
C0398,11,46
C0398,12,36
C0398,13,25
C0398,14,19
C0398,15,27
C0398,16,26
C0398,17,12
C0398,18,24
C0398,19,24
C0398,20,28
C0398,21,33
C0398,22,27
C0398,23,32
C0398,24,29
C0398,25,32
C0398,26,12
C0399,1,68
C0399,2,75
C0399,3,71
C0399,4,61
C0399,5,54
C0399,6,73
C0399,7,51
C0399,8,47
C0399,9,56
C0399,10,66
C0399,11,62
C0399,12,71
C0399,13,64
C0399,14,61
C0399,15,68
C0399,16,59
C0399,17,60
C0399,18,64
C0399,19,45
C0399,20,56
C0399,21,51
C0399,22,54
C0399,23,39
C0399,24,37
C0399,25,55
C0399,26,48
C0400,1,67
C0400,2,70
C0400,3,71
C0400,4,68
C0400,5,60
C0400,6,72
C0400,7,83
C0400,8,60
C0400,9,76
C0400,10,74
C0400,11,84
C0400,12,60
C0400,13,62
C0400,14,60
C0400,15,83
C0400,16,63
C0400,17,54
C0400,18,40
C0400,19,48
C0400,20,47
C0400,21,41
C0400,22,57
C0400,23,32
C0400,24,47
C0400,25,55
C0400,26,49
C0401,1,59
C0401,2,62
C0401,3,65
C0401,4,49
C0401,5,52
C0401,6,46
C0401,7,63
C0401,8,59
C0401,9,61
C0401,10,47
C0401,11,52
C0401,12,40
C0401,13,42
C0401,14,48
C0401,15,37
C0401,16,39
C0401,17,35
C0401,18,28
C0401,19,33
C0401,20,28
C0401,21,40
C0401,22,37
C0401,23,40
C0401,24,20
C0401,25,30
C0401,26,57
C0402,1,67
C0402,2,47
C0402,3,58
C0402,4,48
C0402,5,57
C0402,6,47
C0402,7,76
C0402,8,70
C0402,9,71
C0402,10,70
C0402,11,64
C0402,12,62
C0402,13,48
C0402,14,46
C0402,15,62
C0402,16,70
C0402,17,77
C0402,18,76
C0402,19,45
C0402,20,60
C0402,21,64
C0402,22,43
C0402,23,74
C0402,24,71
C0402,25,63
C0402,26,79
C0403,1,41
C0403,2,46
C0403,3,33
C0403,4,40
C0403,5,23
C0403,6,32
C0403,7,47
C0403,8,37
C0403,9,26
C0403,10,36
C0403,11,25
C0403,12,20
C0403,13,38
C0403,14,33
C0403,15,29
C0403,16,27
C0403,17,40
C0403,18,38
C0403,19,50
C0403,20,35
C0403,21,30
C0403,22,25
C0403,23,39
C0403,24,30
C0403,25,44
C0403,26,42
C0404,1,34
C0404,2,25
C0404,3,34
C0404,4,17
C0404,5,26
C0404,6,26
C0404,7,25
C0404,8,15
C0404,9,28
C0404,10,24
C0404,11,32
C0404,12,36
C0404,13,27
C0404,14,28
C0404,15,7
C0404,16,7
C0404,17,13
C0404,18,14
C0404,19,11
C0404,20,12
C0404,21,9
C0404,22,11
C0404,23,5
C0404,24,14
C0404,25,13
C0404,26,11
C0405,1,37
C0405,2,44
C0405,3,43
C0405,4,34
C0405,5,39
C0405,6,41
C0405,7,42
C0405,8,42
C0405,9,27
C0405,10,45
C0405,11,29
C0405,12,31
C0405,13,31
C0405,14,35
C0405,15,42
C0405,16,39
C0405,17,32
C0405,18,48
C0405,19,50
C0405,20,34
C0405,21,34
C0405,22,33
C0405,23,36
C0405,24,19
C0405,25,39
C0405,26,44
C0406,1,63
C0406,2,74
C0406,3,58
C0406,4,42
C0406,5,51
C0406,6,66
C0406,7,57
C0406,8,50
C0406,9,67
C0406,10,78
C0406,11,53
C0406,12,63
C0406,13,60
C0406,14,71
C0406,15,80
C0406,16,66
C0406,17,67
C0406,18,42
C0406,19,61
C0406,20,56
C0406,21,63
C0406,22,70
C0406,23,66
C0406,24,74
C0406,25,84
C0406,26,74
C0407,1,33
C0407,2,35
C0407,3,25
C0407,4,27
C0407,5,21
C0407,6,23
C0407,7,20
C0407,8,18
C0407,9,25
C0407,10,30
C0407,11,30
C0407,12,13
C0407,13,36
C0407,14,37
C0407,15,19
C0407,16,41
C0407,17,26
C0407,18,25
C0407,19,29
C0407,20,32
C0407,21,28
C0407,22,34
C0407,23,20
C0407,24,27
C0407,25,18
C0407,26,20
C0408,1,33
C0408,2,24
C0408,3,23
C0408,4,32
C0408,5,27
C0408,6,18
C0408,7,25
C0408,8,11
C0408,9,23
C0408,10,37
C0408,11,22
C0408,12,36
C0408,13,24
C0408,14,30
C0408,15,24
C0408,16,6
C0408,17,13
C0408,18,7
C0408,19,4
C0408,20,9
C0408,21,9
C0408,22,7
C0408,23,12
C0408,24,10
C0408,25,9
C0408,26,10
C0409,1,38
C0409,2,31
C0409,3,26
C0409,4,28
C0409,5,34
C0409,6,35
C0409,7,35
C0409,8,27
C0409,9,43
C0409,10,27
C0409,11,35
C0409,12,38
C0409,13,36
C0409,14,36
C0409,15,39
C0409,16,30
C0409,17,46
C0409,18,41
C0409,19,43
C0409,20,39
C0409,21,51
C0409,22,39
C0409,23,25
C0409,24,32
C0409,25,31
C0409,26,43
C0410,1,59
C0410,2,77
C0410,3,75
C0410,4,74
C0410,5,57
C0410,6,53
C0410,7,75
C0410,8,67
C0410,9,50
C0410,10,57
C0410,11,72
C0410,12,53
C0410,13,63
C0410,14,74
C0410,15,40
C0410,16,60
C0410,17,73
C0410,18,66
C0410,19,79
C0410,20,59
C0410,21,68
C0410,22,69
C0410,23,52
C0410,24,62
C0410,25,58
C0410,26,61
C0411,1,30
C0411,2,28
C0411,3,32
C0411,4,26
C0411,5,31
C0411,6,21
C0411,7,24
C0411,8,26
C0411,9,27
C0411,10,20
C0411,11,35
C0411,12,29
C0411,13,21
C0411,14,22
C0411,15,34
C0411,16,24
C0411,17,35
C0411,18,28
C0411,19,33
C0411,20,32
C0411,21,35
C0411,22,32
C0411,23,29
C0411,24,18
C0411,25,37
C0411,26,24
C0412,1,52
C0412,2,44
C0412,3,42
C0412,4,55
C0412,5,40
C0412,6,55
C0412,7,45
C0412,8,42
C0412,9,27
C0412,10,39
C0412,11,45
C0412,12,26
C0412,13,44
C0412,14,40
C0412,15,42
C0412,16,35
C0412,17,39
C0412,18,24
C0412,19,24
C0412,20,27
C0412,21,23
C0412,22,24
C0412,23,29
C0412,24,16
C0412,25,29
C0412,26,26
C0413,1,25
C0413,2,30
C0413,3,25
C0413,4,35
C0413,5,22
C0413,6,27
C0413,7,16
C0413,8,23
C0413,9,21
C0413,10,17
C0413,11,23
C0413,12,11
C0413,13,14
C0413,14,14
C0413,15,14
C0413,16,15
C0413,17,16
C0413,18,16
C0413,19,15
C0413,20,11
C0413,21,18
C0413,22,15
C0413,23,17
C0413,24,15
C0413,25,16
C0413,26,16
C0414,1,39
C0414,2,56
C0414,3,50
C0414,4,42
C0414,5,42
C0414,6,50
C0414,7,40
C0414,8,43
C0414,9,53
C0414,10,45
C0414,11,41
C0414,12,33
C0414,13,39
C0414,14,49
C0414,15,47
C0414,16,58
C0414,17,50
C0414,18,32
C0414,19,37
C0414,20,47
C0414,21,50
C0414,22,35
C0414,23,41
C0414,24,39
C0414,25,34
C0414,26,43
C0415,1,82
C0415,2,72
C0415,3,65
C0415,4,59
C0415,5,81
C0415,6,77
C0415,7,80
C0415,8,77
C0415,9,65
C0415,10,79
C0415,11,76
C0415,12,73
C0415,13,63
C0415,14,58
C0415,15,47
C0415,16,45
C0415,17,26
C0415,18,24
C0415,19,19
C0415,20,9
C0415,21,22
C0415,22,18
C0415,23,31
C0415,24,28
C0415,25,17
C0415,26,7
C0416,1,18
C0416,2,27
C0416,3,34
C0416,4,25
C0416,5,28
C0416,6,26
C0416,7,25
C0416,8,35
C0416,9,19
C0416,10,26
C0416,11,24
C0416,12,18
C0416,13,25
C0416,14,26
C0416,15,20
C0416,16,19
C0416,17,29
C0416,18,32
C0416,19,21
C0416,20,24
C0416,21,23
C0416,22,25
C0416,23,12
C0416,24,6
C0416,25,4
C0416,26,12
C0417,1,13
C0417,2,15
C0417,3,10
C0417,4,12
C0417,5,14
C0417,6,13
C0417,7,11
C0417,8,11
C0417,9,15
C0417,10,8
C0417,11,12
C0417,12,16
C0417,13,11
C0417,14,19
C0417,15,9
C0417,16,10
C0417,17,14
C0417,18,13
C0417,19,12
C0417,20,10
C0417,21,13
C0417,22,15
C0417,23,17
C0417,24,8
C0417,25,17
C0417,26,17
C0418,1,52
C0418,2,31
C0418,3,31
C0418,4,39
C0418,5,20
C0418,6,38
C0418,7,32
C0418,8,38
C0418,9,33
C0418,10,40
C0418,11,38
C0418,12,30
C0418,13,33
C0418,14,46
C0418,15,38
C0418,16,33
C0418,17,34
C0418,18,48
C0418,19,45
C0418,20,39
C0418,21,34
C0418,22,26
C0418,23,43
C0418,24,44
C0418,25,48
C0418,26,39
C0419,1,16
C0419,2,13
C0419,3,13
C0419,4,18
C0419,5,10
C0419,6,17
C0419,7,25
C0419,8,23
C0419,9,24
C0419,10,16
C0419,11,12
C0419,12,14
C0419,13,12
C0419,14,14
C0419,15,14
C0419,16,33
C0419,17,18
C0419,18,13
C0419,19,22
C0419,20,14
C0419,21,25
C0419,22,19
C0419,23,24
C0419,24,12
C0419,25,21
C0419,26,18
C0420,1,59
C0420,2,51
C0420,3,67
C0420,4,55
C0420,5,58
C0420,6,63
C0420,7,53
C0420,8,29
C0420,9,58
C0420,10,52
C0420,11,59
C0420,12,66
C0420,13,37
C0420,14,47
C0420,15,52
C0420,16,39
C0420,17,45
C0420,18,19
C0420,19,36
C0420,20,38
C0420,21,25
C0420,22,35
C0420,23,20
C0420,24,34
C0420,25,34
C0420,26,25
C0421,1,74
C0421,2,62
C0421,3,47
C0421,4,59
C0421,5,52
C0421,6,52
C0421,7,62
C0421,8,55
C0421,9,58
C0421,10,54
C0421,11,73
C0421,12,61
C0421,13,65
C0421,14,58
C0421,15,57
C0421,16,63
C0421,17,62
C0421,18,58
C0421,19,67
C0421,20,54
C0421,21,57
C0421,22,64
C0421,23,67
C0421,24,65
C0421,25,72
C0421,26,52
C0422,1,30
C0422,2,33
C0422,3,36
C0422,4,33
C0422,5,31
C0422,6,34
C0422,7,33
C0422,8,35
C0422,9,30
C0422,10,33
C0422,11,22
C0422,12,30
C0422,13,31
C0422,14,30
C0422,15,35
C0422,16,19
C0422,17,33
C0422,18,37
C0422,19,24
C0422,20,29
C0422,21,26
C0422,22,30
C0422,23,28
C0422,24,37
C0422,25,33
C0422,26,31
C0423,1,20
C0423,2,12
C0423,3,8
C0423,4,18
C0423,5,20
C0423,6,12
C0423,7,8
C0423,8,18
C0423,9,16
C0423,10,19
C0423,11,16
C0423,12,20
C0423,13,14
C0423,14,19
C0423,15,21
C0423,16,17
C0423,17,20
C0423,18,17
C0423,19,17
C0423,20,12
C0423,21,15
C0423,22,13
C0423,23,3
C0423,24,15
C0423,25,11
C0423,26,14
C0424,1,19
C0424,2,20
C0424,3,17
C0424,4,31
C0424,5,31
C0424,6,32
C0424,7,22
C0424,8,26
C0424,9,24
C0424,10,30
C0424,11,23
C0424,12,31
C0424,13,19
C0424,14,40
C0424,15,28
C0424,16,27
C0424,17,38
C0424,18,21
C0424,19,32
C0424,20,21
C0424,21,21
C0424,22,18
C0424,23,12
C0424,24,21
C0424,25,26
C0424,26,27
C0425,1,20
C0425,2,19
C0425,3,22
C0425,4,8
C0425,5,19
C0425,6,16
C0425,7,15
C0425,8,17
C0425,9,20
C0425,10,8
C0425,11,22
C0425,12,10
C0425,13,14
C0425,14,16
C0425,15,10
C0425,16,16
C0425,17,29
C0425,18,14
C0425,19,19
C0425,20,22
C0425,21,19
C0425,22,18
C0425,23,16
C0425,24,13
C0425,25,9
C0425,26,8
C0426,1,44
C0426,2,51
C0426,3,23
C0426,4,42
C0426,5,53
C0426,6,39
C0426,7,44
C0426,8,44
C0426,9,40
C0426,10,47
C0426,11,38
C0426,12,44
C0426,13,53
C0426,14,48
C0426,15,54
C0426,16,48
C0426,17,29
C0426,18,61
C0426,19,45
C0426,20,33
C0426,21,51
C0426,22,56
C0426,23,45
C0426,24,49
C0426,25,35
C0426,26,42
C0427,1,63
C0427,2,60
C0427,3,76
C0427,4,70
C0427,5,76
C0427,6,56
C0427,7,92
C0427,8,77
C0427,9,84
C0427,10,74
C0427,11,69
C0427,12,54
C0427,13,56
C0427,14,61
C0427,15,85
C0427,16,76
C0427,17,76
C0427,18,89
C0427,19,67
C0427,20,69
C0427,21,52
C0427,22,65
C0427,23,75
C0427,24,92
C0427,25,49
C0427,26,69
C0428,1,19
C0428,2,14
C0428,3,14
C0428,4,20
C0428,5,25
C0428,6,18
C0428,7,13
C0428,8,22
C0428,9,18
C0428,10,16
C0428,11,20
C0428,12,17
C0428,13,7
C0428,14,7
C0428,15,11
C0428,16,12
C0428,17,9
C0428,18,6
C0428,19,5
C0428,20,17
C0428,21,7
C0428,22,8
C0428,23,9
C0428,24,9
C0428,25,14
C0428,26,3
C0429,1,46
C0429,2,55
C0429,3,45
C0429,4,55
C0429,5,33
C0429,6,49
C0429,7,60
C0429,8,49
C0429,9,48
C0429,10,60
C0429,11,45
C0429,12,38
C0429,13,46
C0429,14,47
C0429,15,29
C0429,16,53
C0429,17,39
C0429,18,40
C0429,19,46
C0429,20,36
C0429,21,46
C0429,22,49
C0429,23,37
C0429,24,40
C0429,25,28
C0429,26,50
C0430,1,33
C0430,2,39
C0430,3,54
C0430,4,47
C0430,5,47
C0430,6,51
C0430,7,39
C0430,8,51
C0430,9,45
C0430,10,50
C0430,11,54
C0430,12,54
C0430,13,36
C0430,14,41
C0430,15,35
C0430,16,31
C0430,17,32
C0430,18,26
C0430,19,10
C0430,20,4
C0430,21,3
C0430,22,8
C0430,23,3
C0430,24,12
C0430,25,7
C0430,26,6
C0431,1,70
C0431,2,48
C0431,3,48
C0431,4,46
C0431,5,60
C0431,6,64
C0431,7,34
C0431,8,32
C0431,9,47
C0431,10,37
C0431,11,42
C0431,12,41
C0431,13,49
C0431,14,43
C0431,15,53
C0431,16,41
C0431,17,43
C0431,18,48
C0431,19,46
C0431,20,22
C0431,21,30
C0431,22,56
C0431,23,73
C0431,24,46
C0431,25,45
C0431,26,28
C0432,1,42
C0432,2,41
C0432,3,41
C0432,4,50
C0432,5,51
C0432,6,47
C0432,7,47
C0432,8,62
C0432,9,53
C0432,10,49
C0432,11,41
C0432,12,52
C0432,13,50
C0432,14,44
C0432,15,33
C0432,16,4
C0432,17,13
C0432,18,13
C0432,19,9
C0432,20,11
C0432,21,12
C0432,22,15
C0432,23,11
C0432,24,7
C0432,25,14
C0432,26,9
C0433,1,26
C0433,2,20
C0433,3,16
C0433,4,21
C0433,5,28
C0433,6,34
C0433,7,23
C0433,8,23
C0433,9,19
C0433,10,24
C0433,11,23
C0433,12,27
C0433,13,20
C0433,14,27
C0433,15,23
C0433,16,21
C0433,17,22
C0433,18,19
C0433,19,25
C0433,20,21
C0433,21,27
C0433,22,26
C0433,23,25
C0433,24,18
C0433,25,16
C0433,26,23
C0434,1,22
C0434,2,28
C0434,3,18
C0434,4,17
C0434,5,38
C0434,6,28
C0434,7,33
C0434,8,30
C0434,9,36
C0434,10,30
C0434,11,23
C0434,12,23
C0434,13,24
C0434,14,28
C0434,15,20
C0434,16,21
C0434,17,16
C0434,18,14
C0434,19,30
C0434,20,20
C0434,21,23
C0434,22,13
C0434,23,20
C0434,24,29
C0434,25,31
C0434,26,25
C0435,1,36
C0435,2,36
C0435,3,38
C0435,4,28
C0435,5,34
C0435,6,46
C0435,7,30
C0435,8,33
C0435,9,37
C0435,10,29
C0435,11,39
C0435,12,34
C0435,13,39
C0435,14,27
C0435,15,35
C0435,16,37
C0435,17,31
C0435,18,36
C0435,19,45
C0435,20,28
C0435,21,21
C0435,22,10
C0435,23,16
C0435,24,13
C0435,25,16
C0435,26,19
C0436,1,17
C0436,2,31
C0436,3,31
C0436,4,34
C0436,5,24
C0436,6,29
C0436,7,28
C0436,8,29
C0436,9,32
C0436,10,13
C0436,11,27
C0436,12,37
C0436,13,23
C0436,14,22
C0436,15,36
C0436,16,21
C0436,17,26
C0436,18,35
C0436,19,23
C0436,20,23
C0436,21,19
C0436,22,19
C0436,23,20
C0436,24,36
C0436,25,34
C0436,26,32
C0437,1,36
C0437,2,27
C0437,3,28
C0437,4,21
C0437,5,26
C0437,6,37
C0437,7,27
C0437,8,21
C0437,9,21
C0437,10,36
C0437,11,36
C0437,12,24
C0437,13,38
C0437,14,23
C0437,15,32
C0437,16,33
C0437,17,39
C0437,18,24
C0437,19,19
C0437,20,39
C0437,21,31
C0437,22,32
C0437,23,26
C0437,24,30
C0437,25,21
C0437,26,32
C0438,1,43
C0438,2,42
C0438,3,48
C0438,4,32
C0438,5,37
C0438,6,41
C0438,7,48
C0438,8,35
C0438,9,43
C0438,10,48
C0438,11,42
C0438,12,41
C0438,13,44
C0438,14,33
C0438,15,35
C0438,16,47
C0438,17,48
C0438,18,53
C0438,19,44
C0438,20,41
C0438,21,34
C0438,22,39
C0438,23,32
C0438,24,42
C0438,25,39
C0438,26,32
C0439,1,29
C0439,2,29
C0439,3,37
C0439,4,22
C0439,5,16
C0439,6,20
C0439,7,32
C0439,8,27
C0439,9,20
C0439,10,23
C0439,11,17
C0439,12,10
C0439,13,33
C0439,14,32
C0439,15,24
C0439,16,21
C0439,17,24
C0439,18,32
C0439,19,21
C0439,20,22
C0439,21,23
C0439,22,21
C0439,23,29
C0439,24,23
C0439,25,22
C0439,26,33
C0440,1,30
C0440,2,24
C0440,3,27
C0440,4,21
C0440,5,29
C0440,6,19
C0440,7,24
C0440,8,23
C0440,9,27
C0440,10,26
C0440,11,18
C0440,12,29
C0440,13,44
C0440,14,30
C0440,15,28
C0440,16,24
C0440,17,13
C0440,18,35
C0440,19,18
C0440,20,21
C0440,21,24
C0440,22,24
C0440,23,37
C0440,24,28
C0440,25,18
C0440,26,15
C0441,1,16
C0441,2,32
C0441,3,27
C0441,4,28
C0441,5,28
C0441,6,30
C0441,7,27
C0441,8,37
C0441,9,38
C0441,10,20
C0441,11,31
C0441,12,27
C0441,13,38
C0441,14,22
C0441,15,37
C0441,16,35
C0441,17,40
C0441,18,24
C0441,19,35
C0441,20,29
C0441,21,17
C0441,22,32
C0441,23,37
C0441,24,41
C0441,25,20
C0441,26,26
C0442,1,62
C0442,2,49
C0442,3,50
C0442,4,50
C0442,5,57
C0442,6,52
C0442,7,47
C0442,8,49
C0442,9,52
C0442,10,57
C0442,11,42
C0442,12,66
C0442,13,57
C0442,14,54
C0442,15,57
C0442,16,49
C0442,17,62
C0442,18,55
C0442,19,40
C0442,20,56
C0442,21,44
C0442,22,56
C0442,23,50
C0442,24,58
C0442,25,54
C0442,26,56
C0443,1,35
C0443,2,33
C0443,3,42
C0443,4,32
C0443,5,28
C0443,6,38
C0443,7,46
C0443,8,27
C0443,9,34
C0443,10,38
C0443,11,19
C0443,12,32
C0443,13,35
C0443,14,29
C0443,15,31
C0443,16,30
C0443,17,36
C0443,18,38
C0443,19,33
C0443,20,26
C0443,21,29
C0443,22,36
C0443,23,38
C0443,24,27
C0443,25,31
C0443,26,30
C0444,1,15
C0444,2,28
C0444,3,22
C0444,4,23
C0444,5,17
C0444,6,19
C0444,7,16
C0444,8,19
C0444,9,14
C0444,10,19
C0444,11,11
C0444,12,6
C0444,13,6
C0444,14,12
C0444,15,8
C0444,16,8
C0444,17,8
C0444,18,10
C0444,19,9
C0444,20,6
C0444,21,7
C0444,22,7
C0444,23,4
C0444,24,13
C0444,25,6
C0444,26,1
C0445,1,21
C0445,2,31
C0445,3,25
C0445,4,21
C0445,5,24
C0445,6,14
C0445,7,30
C0445,8,28
C0445,9,22
C0445,10,31
C0445,11,25
C0445,12,20
C0445,13,26
C0445,14,22
C0445,15,26
C0445,16,25
C0445,17,17
C0445,18,24
C0445,19,23
C0445,20,24
C0445,21,25
C0445,22,30
C0445,23,32
C0445,24,24
C0445,25,24
C0445,26,24
C0446,1,29
C0446,2,28
C0446,3,29
C0446,4,25
C0446,5,29
C0446,6,29
C0446,7,15
C0446,8,37
C0446,9,27
C0446,10,28
C0446,11,25
C0446,12,42
C0446,13,18
C0446,14,28
C0446,15,24
C0446,16,32
C0446,17,28
C0446,18,23
C0446,19,25
C0446,20,31
C0446,21,24
C0446,22,30
C0446,23,27
C0446,24,30
C0446,25,26
C0446,26,31
C0447,1,29
C0447,2,34
C0447,3,29
C0447,4,16
C0447,5,32
C0447,6,35
C0447,7,32
C0447,8,30
C0447,9,39
C0447,10,32
C0447,11,21
C0447,12,29
C0447,13,12
C0447,14,24
C0447,15,14
C0447,16,17
C0447,17,12
C0447,18,15
C0447,19,13
C0447,20,27
C0447,21,20
C0447,22,14
C0447,23,19
C0447,24,11
C0447,25,14
C0447,26,18
C0448,1,22
C0448,2,42
C0448,3,30
C0448,4,24
C0448,5,30
C0448,6,34
C0448,7,31
C0448,8,36
C0448,9,34
C0448,10,35
C0448,11,30
C0448,12,38
C0448,13,21
C0448,14,29
C0448,15,37
C0448,16,28
C0448,17,32
C0448,18,35
C0448,19,24
C0448,20,36
C0448,21,12
C0448,22,34
C0448,23,35
C0448,24,31
C0448,25,35
C0448,26,35
C0449,1,42
C0449,2,41
C0449,3,39
C0449,4,41
C0449,5,48
C0449,6,47
C0449,7,49
C0449,8,38
C0449,9,43
C0449,10,39
C0449,11,35
C0449,12,45
C0449,13,31
C0449,14,60
C0449,15,40
C0449,16,56
C0449,17,35
C0449,18,40
C0449,19,49
C0449,20,41
C0449,21,42
C0449,22,58
C0449,23,42
C0449,24,24
C0449,25,48
C0449,26,49
C0450,1,22
C0450,2,20
C0450,3,8
C0450,4,21
C0450,5,17
C0450,6,20
C0450,7,20
C0450,8,16
C0450,9,26
C0450,10,23
C0450,11,16
C0450,12,25
C0450,13,17
C0450,14,20
C0450,15,19
C0450,16,17
C0450,17,20
C0450,18,20
C0450,19,23
C0450,20,23
C0450,21,8
C0450,22,16
C0450,23,26
C0450,24,20
C0450,25,14
C0450,26,20
C0451,1,30
C0451,2,41
C0451,3,30
C0451,4,25
C0451,5,29
C0451,6,21
C0451,7,25
C0451,8,17
C0451,9,28
C0451,10,24
C0451,11,27
C0451,12,25
C0451,13,12
C0451,14,11
C0451,15,14
C0451,16,9
C0451,17,15
C0451,18,22
C0451,19,12
C0451,20,7
C0451,21,12
C0451,22,17
C0451,23,5
C0451,24,10
C0451,25,8
C0451,26,12
C0452,1,30
C0452,2,23
C0452,3,15
C0452,4,34
C0452,5,20
C0452,6,30
C0452,7,19
C0452,8,29
C0452,9,18
C0452,10,25
C0452,11,28
C0452,12,30
C0452,13,28
C0452,14,21
C0452,15,24
C0452,16,28
C0452,17,23
C0452,18,34
C0452,19,20
C0452,20,40
C0452,21,13
C0452,22,19
C0452,23,22
C0452,24,30
C0452,25,37
C0452,26,22
C0453,1,29
C0453,2,23
C0453,3,27
C0453,4,21
C0453,5,18
C0453,6,26
C0453,7,34
C0453,8,15
C0453,9,22
C0453,10,16
C0453,11,38
C0453,12,25
C0453,13,34
C0453,14,23
C0453,15,13
C0453,16,27
C0453,17,17
C0453,18,33
C0453,19,22
C0453,20,32
C0453,21,21
C0453,22,25
C0453,23,20
C0453,24,19
C0453,25,29
C0453,26,27
C0454,1,34
C0454,2,36
C0454,3,47
C0454,4,32
C0454,5,33
C0454,6,31
C0454,7,35
C0454,8,32
C0454,9,40
C0454,10,26
C0454,11,28
C0454,12,46
C0454,13,41
C0454,14,41
C0454,15,34
C0454,16,19
C0454,17,38
C0454,18,51
C0454,19,35
C0454,20,44
C0454,21,29
C0454,22,26
C0454,23,39
C0454,24,29
C0454,25,40
C0454,26,27
C0455,1,45
C0455,2,41
C0455,3,40
C0455,4,43
C0455,5,56
C0455,6,48
C0455,7,45
C0455,8,45
C0455,9,51
C0455,10,50
C0455,11,39
C0455,12,51
C0455,13,48
C0455,14,37
C0455,15,41
C0455,16,35
C0455,17,61
C0455,18,52
C0455,19,43
C0455,20,45
C0455,21,23
C0455,22,31
C0455,23,32
C0455,24,30
C0455,25,32
C0455,26,35
C0456,1,43
C0456,2,34
C0456,3,29
C0456,4,40
C0456,5,40
C0456,6,29
C0456,7,54
C0456,8,41
C0456,9,34
C0456,10,35
C0456,11,22
C0456,12,41
C0456,13,49
C0456,14,46
C0456,15,28
C0456,16,30
C0456,17,24
C0456,18,15
C0456,19,17
C0456,20,10
C0456,21,4
C0456,22,16
C0456,23,4
C0456,24,12
C0456,25,11
C0456,26,9
C0457,1,19
C0457,2,14
C0457,3,20
C0457,4,33
C0457,5,27
C0457,6,20
C0457,7,13
C0457,8,15
C0457,9,21
C0457,10,22
C0457,11,17
C0457,12,21
C0457,13,11
C0457,14,21
C0457,15,11
C0457,16,16
C0457,17,16
C0457,18,12
C0457,19,13
C0457,20,2
C0457,21,6
C0457,22,12
C0457,23,10
C0457,24,10
C0457,25,12
C0457,26,8
C0458,1,43
C0458,2,49
C0458,3,56
C0458,4,43
C0458,5,40
C0458,6,44
C0458,7,59
C0458,8,38
C0458,9,39
C0458,10,37
C0458,11,50
C0458,12,63
C0458,13,59
C0458,14,32
C0458,15,50
C0458,16,39
C0458,17,65
C0458,18,38
C0458,19,60
C0458,20,58
C0458,21,43
C0458,22,47
C0458,23,56
C0458,24,57
C0458,25,37
C0458,26,33
C0459,1,12
C0459,2,9
C0459,3,11
C0459,4,15
C0459,5,14
C0459,6,10
C0459,7,16
C0459,8,10
C0459,9,11
C0459,10,16
C0459,11,9
C0459,12,11
C0459,13,9
C0459,14,21
C0459,15,18
C0459,16,23
C0459,17,21
C0459,18,16
C0459,19,14
C0459,20,17
C0459,21,17
C0459,22,12
C0459,23,20
C0459,24,21
C0459,25,14
C0459,26,12
C0460,1,19
C0460,2,17
C0460,3,26
C0460,4,22
C0460,5,24
C0460,6,16
C0460,7,20
C0460,8,19
C0460,9,14
C0460,10,23
C0460,11,18
C0460,12,12
C0460,13,25
C0460,14,10
C0460,15,6
C0460,16,8
C0460,17,15
C0460,18,11
C0460,19,11
C0460,20,17
C0460,21,12
C0460,22,9
C0460,23,17
C0460,24,9
C0460,25,17
C0460,26,16
C0461,1,26
C0461,2,44
C0461,3,29
C0461,4,30
C0461,5,31
C0461,6,23
C0461,7,32
C0461,8,35
C0461,9,46
C0461,10,36
C0461,11,31
C0461,12,30
C0461,13,24
C0461,14,30
C0461,15,42
C0461,16,35
C0461,17,26
C0461,18,25
C0461,19,22
C0461,20,18
C0461,21,18
C0461,22,14
C0461,23,20
C0461,24,13
C0461,25,27
C0461,26,26
C0462,1,37
C0462,2,26
C0462,3,34
C0462,4,51
C0462,5,43
C0462,6,37
C0462,7,28
C0462,8,25
C0462,9,29
C0462,10,53
C0462,11,46
C0462,12,41
C0462,13,49
C0462,14,34
C0462,15,36
C0462,16,36
C0462,17,37
C0462,18,35
C0462,19,37
C0462,20,42
C0462,21,30
C0462,22,40
C0462,23,38
C0462,24,44
C0462,25,45
C0462,26,51
C0463,1,48
C0463,2,44
C0463,3,41
C0463,4,42
C0463,5,40
C0463,6,55
C0463,7,37
C0463,8,38
C0463,9,31
C0463,10,52
C0463,11,36
C0463,12,33
C0463,13,54
C0463,14,52
C0463,15,33
C0463,16,48
C0463,17,50
C0463,18,48
C0463,19,30
C0463,20,52
C0463,21,38
C0463,22,35
C0463,23,50
C0463,24,40
C0463,25,43
C0463,26,52
C0464,1,56
C0464,2,66
C0464,3,35
C0464,4,39
C0464,5,38
C0464,6,46
C0464,7,38
C0464,8,51
C0464,9,49
C0464,10,56
C0464,11,44
C0464,12,48
C0464,13,44
C0464,14,56
C0464,15,40
C0464,16,50
C0464,17,63
C0464,18,46
C0464,19,47
C0464,20,50
C0464,21,58
C0464,22,33
C0464,23,39
C0464,24,58
C0464,25,50
C0464,26,48
C0465,1,37
C0465,2,33
C0465,3,36
C0465,4,49
C0465,5,45
C0465,6,54
C0465,7,24
C0465,8,32
C0465,9,34
C0465,10,19
C0465,11,18
C0465,12,16
C0465,13,18
C0465,14,16
C0465,15,16
C0465,16,18
C0465,17,15
C0465,18,13
C0465,19,14
C0465,20,14
C0465,21,7
C0465,22,15
C0465,23,19
C0465,24,17
C0465,25,5
C0465,26,11
C0466,1,26
C0466,2,21
C0466,3,24
C0466,4,34
C0466,5,31
C0466,6,20
C0466,7,38
C0466,8,28
C0466,9,23
C0466,10,40
C0466,11,24
C0466,12,12
C0466,13,14
C0466,14,4
C0466,15,13
C0466,16,4
C0466,17,4
C0466,18,8
C0466,19,7
C0466,20,3
C0466,21,9
C0466,22,7
C0466,23,10
C0466,24,3
C0466,25,5
C0466,26,8
C0467,1,64
C0467,2,49
C0467,3,63
C0467,4,40
C0467,5,58
C0467,6,76
C0467,7,58
C0467,8,44
C0467,9,53
C0467,10,55
C0467,11,49
C0467,12,45
C0467,13,47
C0467,14,61
C0467,15,70
C0467,16,45
C0467,17,52
C0467,18,59
C0467,19,60
C0467,20,48
C0467,21,58
C0467,22,44
C0467,23,47
C0467,24,44
C0467,25,49
C0467,26,70
C0468,1,37
C0468,2,41
C0468,3,47
C0468,4,39
C0468,5,29
C0468,6,28
C0468,7,31
C0468,8,23
C0468,9,49
C0468,10,40
C0468,11,47
C0468,12,41
C0468,13,28
C0468,14,59
C0468,15,41
C0468,16,40
C0468,17,46
C0468,18,47
C0468,19,61
C0468,20,39
C0468,21,43
C0468,22,39
C0468,23,33
C0468,24,36
C0468,25,30
C0468,26,50
C0469,1,41
C0469,2,24
C0469,3,36
C0469,4,38
C0469,5,26
C0469,6,20
C0469,7,35
C0469,8,27
C0469,9,30
C0469,10,26
C0469,11,25
C0469,12,33
C0469,13,24
C0469,14,30
C0469,15,23
C0469,16,22
C0469,17,25
C0469,18,22
C0469,19,17
C0469,20,19
C0469,21,10
C0469,22,12
C0469,23,22
C0469,24,21
C0469,25,24
C0469,26,22
C0470,1,85
C0470,2,90
C0470,3,85
C0470,4,83
C0470,5,85
C0470,6,91
C0470,7,100
C0470,8,83
C0470,9,84
C0470,10,86
C0470,11,82
C0470,12,82
C0470,13,81
C0470,14,83
C0470,15,88
C0470,16,78
C0470,17,86
C0470,18,77
C0470,19,77
C0470,20,78
C0470,21,100
C0470,22,92
C0470,23,93
C0470,24,81
C0470,25,93
C0470,26,86
C0471,1,34
C0471,2,31
C0471,3,31
C0471,4,23
C0471,5,21
C0471,6,38
C0471,7,31
C0471,8,32
C0471,9,29
C0471,10,26
C0471,11,29
C0471,12,36
C0471,13,30
C0471,14,23
C0471,15,21
C0471,16,31
C0471,17,39
C0471,18,34
C0471,19,30
C0471,20,31
C0471,21,29
C0471,22,35
C0471,23,36
C0471,24,26
C0471,25,28
C0471,26,22
C0472,1,43
C0472,2,47
C0472,3,49
C0472,4,48
C0472,5,41
C0472,6,40
C0472,7,51
C0472,8,46
C0472,9,44
C0472,10,53
C0472,11,40
C0472,12,34
C0472,13,19
C0472,14,15
C0472,15,14
C0472,16,12
C0472,17,12
C0472,18,15
C0472,19,11
C0472,20,9
C0472,21,13
C0472,22,11
C0472,23,7
C0472,24,10
C0472,25,16
C0472,26,11
C0473,1,55
C0473,2,69
C0473,3,53
C0473,4,65
C0473,5,53
C0473,6,48
C0473,7,43
C0473,8,61
C0473,9,51
C0473,10,47
C0473,11,66
C0473,12,59
C0473,13,62
C0473,14,65
C0473,15,50
C0473,16,17
C0473,17,21
C0473,18,19
C0473,19,15
C0473,20,17
C0473,21,18
C0473,22,19
C0473,23,18
C0473,24,15
C0473,25,18
C0473,26,22
C0474,1,49
C0474,2,43
C0474,3,47
C0474,4,44
C0474,5,69
C0474,6,54
C0474,7,47
C0474,8,49
C0474,9,41
C0474,10,54
C0474,11,49
C0474,12,47
C0474,13,56
C0474,14,57
C0474,15,52
C0474,16,57
C0474,17,53
C0474,18,43
C0474,19,46
C0474,20,33
C0474,21,26
C0474,22,15
C0474,23,15
C0474,24,21
C0474,25,16
C0474,26,14
C0475,1,23
C0475,2,37
C0475,3,36
C0475,4,23
C0475,5,29
C0475,6,26
C0475,7,32
C0475,8,20
C0475,9,33
C0475,10,38
C0475,11,29
C0475,12,17
C0475,13,13
C0475,14,9
C0475,15,13
C0475,16,7
C0475,17,16
C0475,18,11
C0475,19,8
C0475,20,12
C0475,21,15
C0475,22,20
C0475,23,6
C0475,24,11
C0475,25,13
C0475,26,11
C0476,1,34
C0476,2,47
C0476,3,28
C0476,4,48
C0476,5,34
C0476,6,45
C0476,7,45
C0476,8,35
C0476,9,26
C0476,10,55
C0476,11,29
C0476,12,35
C0476,13,24
C0476,14,20
C0476,15,10
C0476,16,18
C0476,17,15
C0476,18,14
C0476,19,14
C0476,20,17
C0476,21,10
C0476,22,5
C0476,23,15
C0476,24,21
C0476,25,13
C0476,26,12
C0477,1,59
C0477,2,61
C0477,3,51
C0477,4,53
C0477,5,44
C0477,6,51
C0477,7,31
C0477,8,40
C0477,9,50
C0477,10,54
C0477,11,55
C0477,12,39
C0477,13,29
C0477,14,35
C0477,15,28
C0477,16,11
C0477,17,14
C0477,18,11
C0477,19,15
C0477,20,19
C0477,21,13
C0477,22,14
C0477,23,21
C0477,24,19
C0477,25,20
C0477,26,17
C0478,1,18
C0478,2,22
C0478,3,29
C0478,4,38
C0478,5,38
C0478,6,23
C0478,7,34
C0478,8,31
C0478,9,26
C0478,10,29
C0478,11,29
C0478,12,30
C0478,13,17
C0478,14,19
C0478,15,21
C0478,16,16
C0478,17,24
C0478,18,13
C0478,19,13
C0478,20,11
C0478,21,25
C0478,22,22
C0478,23,27
C0478,24,17
C0478,25,22
C0478,26,22
C0479,1,26
C0479,2,35
C0479,3,18
C0479,4,20
C0479,5,19
C0479,6,33
C0479,7,21
C0479,8,26
C0479,9,13
C0479,10,34
C0479,11,32
C0479,12,20
C0479,13,33
C0479,14,23
C0479,15,28
C0479,16,24
C0479,17,40
C0479,18,9
C0479,19,18
C0479,20,23
C0479,21,19
C0479,22,20
C0479,23,21
C0479,24,16
C0479,25,13
C0479,26,18
C0480,1,21
C0480,2,20
C0480,3,18
C0480,4,14
C0480,5,18
C0480,6,22
C0480,7,18
C0480,8,19
C0480,9,18
C0480,10,28
C0480,11,20
C0480,12,11
C0480,13,10
C0480,14,17
C0480,15,19
C0480,16,11
C0480,17,15
C0480,18,13
C0480,19,15
C0480,20,14
C0480,21,19
C0480,22,12
C0480,23,20
C0480,24,20
C0480,25,16
C0480,26,11
C0481,1,34
C0481,2,35
C0481,3,39
C0481,4,31
C0481,5,28
C0481,6,26
C0481,7,32
C0481,8,17
C0481,9,41
C0481,10,38
C0481,11,42
C0481,12,24
C0481,13,34
C0481,14,45
C0481,15,20
C0481,16,40
C0481,17,35
C0481,18,37
C0481,19,27
C0481,20,45
C0481,21,39
C0481,22,37
C0481,23,29
C0481,24,28
C0481,25,31
C0481,26,37
C0482,1,25
C0482,2,29
C0482,3,19
C0482,4,11
C0482,5,18
C0482,6,23
C0482,7,24
C0482,8,20
C0482,9,31
C0482,10,8
C0482,11,19
C0482,12,15
C0482,13,12
C0482,14,22
C0482,15,21
C0482,16,24
C0482,17,25
C0482,18,10
C0482,19,13
C0482,20,11
C0482,21,7
C0482,22,14
C0482,23,12
C0482,24,15
C0482,25,11
C0482,26,10
C0483,1,38
C0483,2,50
C0483,3,41
C0483,4,41
C0483,5,36
C0483,6,42
C0483,7,40
C0483,8,35
C0483,9,45
C0483,10,53
C0483,11,36
C0483,12,32
C0483,13,41
C0483,14,39
C0483,15,30
C0483,16,34
C0483,17,37
C0483,18,25
C0483,19,19
C0483,20,37
C0483,21,28
C0483,22,30
C0483,23,18
C0483,24,33
C0483,25,30
C0483,26,25
C0484,1,32
C0484,2,38
C0484,3,43
C0484,4,24
C0484,5,27
C0484,6,35
C0484,7,31
C0484,8,35
C0484,9,37
C0484,10,27
C0484,11,39
C0484,12,35
C0484,13,35
C0484,14,25
C0484,15,44
C0484,16,33
C0484,17,35
C0484,18,27
C0484,19,38
C0484,20,39
C0484,21,19
C0484,22,38
C0484,23,45
C0484,24,33
C0484,25,29
C0484,26,30
C0485,1,112
C0485,2,143
C0485,3,107
C0485,4,84
C0485,5,122
C0485,6,119
C0485,7,118
C0485,8,100
C0485,9,111
C0485,10,111
C0485,11,103
C0485,12,123
C0485,13,81
C0485,14,109
C0485,15,105
C0485,16,98
C0485,17,104
C0485,18,100
C0485,19,122
C0485,20,96
C0485,21,113
C0485,22,125
C0485,23,118
C0485,24,104
C0485,25,132
C0485,26,84
C0486,1,42
C0486,2,33
C0486,3,49
C0486,4,37
C0486,5,38
C0486,6,44
C0486,7,36
C0486,8,30
C0486,9,37
C0486,10,26
C0486,11,42
C0486,12,33
C0486,13,40
C0486,14,37
C0486,15,27
C0486,16,44
C0486,17,32
C0486,18,37
C0486,19,38
C0486,20,49
C0486,21,46
C0486,22,26
C0486,23,35
C0486,24,33
C0486,25,32
C0486,26,37
C0487,1,80
C0487,2,66
C0487,3,69
C0487,4,74
C0487,5,75
C0487,6,81
C0487,7,71
C0487,8,86
C0487,9,75
C0487,10,84
C0487,11,58
C0487,12,81
C0487,13,60
C0487,14,82
C0487,15,71
C0487,16,76
C0487,17,93
C0487,18,82
C0487,19,74
C0487,20,80
C0487,21,69
C0487,22,67
C0487,23,67
C0487,24,55
C0487,25,90
C0487,26,76
C0488,1,69
C0488,2,78
C0488,3,70
C0488,4,78
C0488,5,61
C0488,6,70
C0488,7,54
C0488,8,60
C0488,9,60
C0488,10,73
C0488,11,70
C0488,12,88
C0488,13,86
C0488,14,73
C0488,15,71
C0488,16,79
C0488,17,60
C0488,18,75
C0488,19,89
C0488,20,73
C0488,21,89
C0488,22,73
C0488,23,62
C0488,24,74
C0488,25,66
C0488,26,80
C0489,1,24
C0489,2,22
C0489,3,25
C0489,4,30
C0489,5,29
C0489,6,35
C0489,7,32
C0489,8,24
C0489,9,35
C0489,10,28
C0489,11,35
C0489,12,21
C0489,13,27
C0489,14,25
C0489,15,13
C0489,16,24
C0489,17,18
C0489,18,17
C0489,19,19
C0489,20,15
C0489,21,9
C0489,22,25
C0489,23,9
C0489,24,7
C0489,25,18
C0489,26,16
C0490,1,13
C0490,2,18
C0490,3,10
C0490,4,12
C0490,5,9
C0490,6,8
C0490,7,7
C0490,8,20
C0490,9,14
C0490,10,13
C0490,11,12
C0490,12,16
C0490,13,4
C0490,14,21
C0490,15,13
C0490,16,14
C0490,17,13
C0490,18,13
C0490,19,13
C0490,20,7
C0490,21,14
C0490,22,14
C0490,23,17
C0490,24,20
C0490,25,5
C0490,26,14
C0491,1,57
C0491,2,50
C0491,3,50
C0491,4,54
C0491,5,62
C0491,6,44
C0491,7,41
C0491,8,34
C0491,9,51
C0491,10,59
C0491,11,40
C0491,12,37
C0491,13,59
C0491,14,38
C0491,15,28
C0491,16,18
C0491,17,32
C0491,18,23
C0491,19,38
C0491,20,22
C0491,21,25
C0491,22,28
C0491,23,31
C0491,24,30
C0491,25,23
C0491,26,33
C0492,1,23
C0492,2,17
C0492,3,39
C0492,4,24
C0492,5,33
C0492,6,24
C0492,7,22
C0492,8,30
C0492,9,14
C0492,10,24
C0492,11,30
C0492,12,22
C0492,13,21
C0492,14,33
C0492,15,27
C0492,16,30
C0492,17,31
C0492,18,20
C0492,19,22
C0492,20,35
C0492,21,19
C0492,22,23
C0492,23,26
C0492,24,24
C0492,25,30
C0492,26,27
C0493,1,20
C0493,2,22
C0493,3,11
C0493,4,27
C0493,5,13
C0493,6,19
C0493,7,15
C0493,8,16
C0493,9,18
C0493,10,12
C0493,11,15
C0493,12,16
C0493,13,18
C0493,14,16
C0493,15,18
C0493,16,23
C0493,17,14
C0493,18,17
C0493,19,5
C0493,20,7
C0493,21,9
C0493,22,8
C0493,23,13
C0493,24,8
C0493,25,5
C0493,26,11
C0494,1,28
C0494,2,32
C0494,3,28
C0494,4,25
C0494,5,24
C0494,6,23
C0494,7,33
C0494,8,32
C0494,9,31
C0494,10,19
C0494,11,28
C0494,12,23
C0494,13,37
C0494,14,38
C0494,15,38
C0494,16,39
C0494,17,28
C0494,18,33
C0494,19,38
C0494,20,18
C0494,21,33
C0494,22,33
C0494,23,33
C0494,24,26
C0494,25,29
C0494,26,28
C0495,1,72
C0495,2,68
C0495,3,68
C0495,4,68
C0495,5,59
C0495,6,57
C0495,7,72
C0495,8,55
C0495,9,54
C0495,10,55
C0495,11,64
C0495,12,70
C0495,13,60
C0495,14,65
C0495,15,61
C0495,16,61
C0495,17,54
C0495,18,80
C0495,19,66
C0495,20,54
C0495,21,78
C0495,22,57
C0495,23,56
C0495,24,54
C0495,25,72
C0495,26,47
C0496,1,37
C0496,2,46
C0496,3,38
C0496,4,35
C0496,5,46
C0496,6,44
C0496,7,35
C0496,8,35
C0496,9,41
C0496,10,34
C0496,11,31
C0496,12,36
C0496,13,46
C0496,14,35
C0496,15,43
C0496,16,34
C0496,17,33
C0496,18,23
C0496,19,23
C0496,20,18
C0496,21,24
C0496,22,15
C0496,23,10
C0496,24,6
C0496,25,12
C0496,26,12
C0497,1,19
C0497,2,26
C0497,3,34
C0497,4,41
C0497,5,42
C0497,6,46
C0497,7,36
C0497,8,39
C0497,9,35
C0497,10,33
C0497,11,27
C0497,12,38
C0497,13,42
C0497,14,38
C0497,15,34
C0497,16,39
C0497,17,36
C0497,18,42
C0497,19,45
C0497,20,41
C0497,21,26
C0497,22,37
C0497,23,38
C0497,24,29
C0497,25,37
C0497,26,44
C0498,1,38
C0498,2,38
C0498,3,39
C0498,4,30
C0498,5,42
C0498,6,44
C0498,7,53
C0498,8,43
C0498,9,31
C0498,10,38
C0498,11,37
C0498,12,28
C0498,13,43
C0498,14,32
C0498,15,32
C0498,16,44
C0498,17,57
C0498,18,42
C0498,19,37
C0498,20,53
C0498,21,44
C0498,22,59
C0498,23,39
C0498,24,31
C0498,25,44
C0498,26,33
C0499,1,34
C0499,2,52
C0499,3,53
C0499,4,37
C0499,5,50
C0499,6,36
C0499,7,41
C0499,8,50
C0499,9,46
C0499,10,55
C0499,11,48
C0499,12,44
C0499,13,40
C0499,14,56
C0499,15,46
C0499,16,51
C0499,17,39
C0499,18,53
C0499,19,31
C0499,20,55
C0499,21,61
C0499,22,48
C0499,23,42
C0499,24,45
C0499,25,46
C0499,26,33
C0500,1,44
C0500,2,35
C0500,3,37
C0500,4,25
C0500,5,48
C0500,6,29
C0500,7,49
C0500,8,42
C0500,9,44
C0500,10,38
C0500,11,43
C0500,12,44
C0500,13,46
C0500,14,37
C0500,15,45
C0500,16,55
C0500,17,32
C0500,18,54
C0500,19,25
C0500,20,51
C0500,21,19
C0500,22,32
C0500,23,25
C0500,24,27
C0500,25,27
C0500,26,20
C0501,1,23
C0501,2,24
C0501,3,19
C0501,4,16
C0501,5,29
C0501,6,25
C0501,7,17
C0501,8,23
C0501,9,27
C0501,10,14
C0501,11,22
C0501,12,17
C0501,13,20
C0501,14,21
C0501,15,16
C0501,16,20
C0501,17,19
C0501,18,23
C0501,19,25
C0501,20,15
C0501,21,13
C0501,22,14
C0501,23,7
C0501,24,6
C0501,25,4
C0501,26,3
C0502,1,27
C0502,2,24
C0502,3,28
C0502,4,37
C0502,5,20
C0502,6,28
C0502,7,30
C0502,8,40
C0502,9,25
C0502,10,36
C0502,11,28
C0502,12,36
C0502,13,23
C0502,14,38
C0502,15,28
C0502,16,28
C0502,17,35
C0502,18,30
C0502,19,28
C0502,20,24
C0502,21,30
C0502,22,25
C0502,23,31
C0502,24,25
C0502,25,30
C0502,26,21
C0503,1,19
C0503,2,20
C0503,3,17
C0503,4,14
C0503,5,18
C0503,6,15
C0503,7,19
C0503,8,23
C0503,9,28
C0503,10,20
C0503,11,17
C0503,12,22
C0503,13,26
C0503,14,25
C0503,15,17
C0503,16,15
C0503,17,20
C0503,18,22
C0503,19,11
C0503,20,20
C0503,21,19
C0503,22,24
C0503,23,20
C0503,24,19
C0503,25,26
C0503,26,17
C0504,1,20
C0504,2,13
C0504,3,25
C0504,4,20
C0504,5,22
C0504,6,21
C0504,7,25
C0504,8,24
C0504,9,9
C0504,10,13
C0504,11,20
C0504,12,19
C0504,13,20
C0504,14,15
C0504,15,14
C0504,16,17
C0504,17,24
C0504,18,14
C0504,19,24
C0504,20,21
C0504,21,19
C0504,22,25
C0504,23,21
C0504,24,23
C0504,25,20
C0504,26,16
C0505,1,54
C0505,2,51
C0505,3,48
C0505,4,51
C0505,5,32
C0505,6,51
C0505,7,42
C0505,8,50
C0505,9,43
C0505,10,31
C0505,11,30
C0505,12,44
C0505,13,37
C0505,14,44
C0505,15,9
C0505,16,41
C0505,17,18
C0505,18,24
C0505,19,10
C0505,20,10
C0505,21,4
C0505,22,9
C0505,23,6
C0505,24,8
C0505,25,5
C0505,26,7
C0506,1,64
C0506,2,43
C0506,3,69
C0506,4,60
C0506,5,68
C0506,6,61
C0506,7,65
C0506,8,38
C0506,9,56
C0506,10,51
C0506,11,75
C0506,12,56
C0506,13,64
C0506,14,72
C0506,15,51
C0506,16,51
C0506,17,59
C0506,18,62
C0506,19,69
C0506,20,54
C0506,21,72
C0506,22,63
C0506,23,77
C0506,24,60
C0506,25,65
C0506,26,79
C0507,1,33
C0507,2,23
C0507,3,32
C0507,4,27
C0507,5,26
C0507,6,38
C0507,7,24
C0507,8,47
C0507,9,31
C0507,10,23
C0507,11,30
C0507,12,39
C0507,13,26
C0507,14,34
C0507,15,32
C0507,16,36
C0507,17,32
C0507,18,25
C0507,19,33
C0507,20,29
C0507,21,39
C0507,22,36
C0507,23,18
C0507,24,28
C0507,25,35
C0507,26,27
C0508,1,27
C0508,2,25
C0508,3,23
C0508,4,21
C0508,5,25
C0508,6,29
C0508,7,27
C0508,8,26
C0508,9,26
C0508,10,28
C0508,11,26
C0508,12,30
C0508,13,27
C0508,14,31
C0508,15,28
C0508,16,20
C0508,17,21
C0508,18,36
C0508,19,31
C0508,20,26
C0508,21,32
C0508,22,23
C0508,23,21
C0508,24,24
C0508,25,14
C0508,26,21
C0509,1,18
C0509,2,24
C0509,3,18
C0509,4,26
C0509,5,17
C0509,6,17
C0509,7,27
C0509,8,26
C0509,9,17
C0509,10,24
C0509,11,28
C0509,12,16
C0509,13,20
C0509,14,20
C0509,15,22
C0509,16,17
C0509,17,22
C0509,18,20
C0509,19,13
C0509,20,14
C0509,21,11
C0509,22,12
C0509,23,11
C0509,24,15
C0509,25,11
C0509,26,10
C0510,1,26
C0510,2,20
C0510,3,25
C0510,4,21
C0510,5,14
C0510,6,25
C0510,7,22
C0510,8,15
C0510,9,16
C0510,10,21
C0510,11,21
C0510,12,18
C0510,13,20
C0510,14,4
C0510,15,11
C0510,16,16
C0510,17,8
C0510,18,12
C0510,19,7
C0510,20,10
C0510,21,8
C0510,22,5
C0510,23,13
C0510,24,12
C0510,25,3
C0510,26,13
C0511,1,13
C0511,2,20
C0511,3,24
C0511,4,18
C0511,5,20
C0511,6,13
C0511,7,29
C0511,8,26
C0511,9,25
C0511,10,22
C0511,11,21
C0511,12,20
C0511,13,15
C0511,14,22
C0511,15,26
C0511,16,22
C0511,17,23
C0511,18,21
C0511,19,24
C0511,20,17
C0511,21,13
C0511,22,31
C0511,23,19
C0511,24,28
C0511,25,20
C0511,26,12
C0512,1,55
C0512,2,53
C0512,3,72
C0512,4,66
C0512,5,59
C0512,6,56
C0512,7,60
C0512,8,66
C0512,9,62
C0512,10,45
C0512,11,57
C0512,12,49
C0512,13,80
C0512,14,46
C0512,15,64
C0512,16,55
C0512,17,62
C0512,18,56
C0512,19,70
C0512,20,59
C0512,21,73
C0512,22,49
C0512,23,47
C0512,24,52
C0512,25,73
C0512,26,58
C0513,1,14
C0513,2,25
C0513,3,16
C0513,4,23
C0513,5,23
C0513,6,25
C0513,7,16
C0513,8,20
C0513,9,18
C0513,10,16
C0513,11,16
C0513,12,20
C0513,13,21
C0513,14,20
C0513,15,20
C0513,16,21
C0513,17,7
C0513,18,19
C0513,19,13
C0513,20,27
C0513,21,20
C0513,22,20
C0513,23,13
C0513,24,24
C0513,25,20
C0513,26,17
C0514,1,28
C0514,2,27
C0514,3,40
C0514,4,26
C0514,5,33
C0514,6,29
C0514,7,24
C0514,8,28
C0514,9,34
C0514,10,40
C0514,11,16
C0514,12,39
C0514,13,28
C0514,14,27
C0514,15,31
C0514,16,34
C0514,17,26
C0514,18,20
C0514,19,33
C0514,20,31
C0514,21,19
C0514,22,20
C0514,23,30
C0514,24,36
C0514,25,33
C0514,26,19
C0515,1,18
C0515,2,25
C0515,3,23
C0515,4,18
C0515,5,24
C0515,6,24
C0515,7,20
C0515,8,10
C0515,9,20
C0515,10,16
C0515,11,11
C0515,12,30
C0515,13,25
C0515,14,16
C0515,15,24
C0515,16,20
C0515,17,12
C0515,18,19
C0515,19,12
C0515,20,11
C0515,21,9
C0515,22,10
C0515,23,1
C0515,24,6
C0515,25,6
C0515,26,12
C0516,1,85
C0516,2,91
C0516,3,55
C0516,4,74
C0516,5,71
C0516,6,67
C0516,7,78
C0516,8,81
C0516,9,67
C0516,10,82
C0516,11,70
C0516,12,72
C0516,13,85
C0516,14,67
C0516,15,72
C0516,16,78
C0516,17,80
C0516,18,62
C0516,19,53
C0516,20,45
C0516,21,25
C0516,22,24
C0516,23,20
C0516,24,32
C0516,25,27
C0516,26,30
C0517,1,24
C0517,2,27
C0517,3,17
C0517,4,19
C0517,5,21
C0517,6,22
C0517,7,24
C0517,8,17
C0517,9,9
C0517,10,22
C0517,11,13
C0517,12,19
C0517,13,16
C0517,14,7
C0517,15,11
C0517,16,14
C0517,17,4
C0517,18,16
C0517,19,11
C0517,20,12
C0517,21,6
C0517,22,9
C0517,23,10
C0517,24,9
C0517,25,11
C0517,26,10
C0518,1,50
C0518,2,49
C0518,3,31
C0518,4,39
C0518,5,46
C0518,6,46
C0518,7,48
C0518,8,50
C0518,9,49
C0518,10,30
C0518,11,29
C0518,12,17
C0518,13,21
C0518,14,14
C0518,15,14
C0518,16,21
C0518,17,26
C0518,18,25
C0518,19,32
C0518,20,17
C0518,21,29
C0518,22,16
C0518,23,30
C0518,24,25
C0518,25,23
C0518,26,13
C0519,1,58
C0519,2,53
C0519,3,67
C0519,4,54
C0519,5,61
C0519,6,49
C0519,7,63
C0519,8,53
C0519,9,60
C0519,10,65
C0519,11,52
C0519,12,51
C0519,13,51
C0519,14,74
C0519,15,52
C0519,16,56
C0519,17,65
C0519,18,55
C0519,19,43
C0519,20,44
C0519,21,28
C0519,22,36
C0519,23,26
C0519,24,43
C0519,25,36
C0519,26,23
C0520,1,23
C0520,2,39
C0520,3,30
C0520,4,28
C0520,5,25
C0520,6,37
C0520,7,35
C0520,8,29
C0520,9,32
C0520,10,26
C0520,11,29
C0520,12,25
C0520,13,33
C0520,14,13
C0520,15,10
C0520,16,10
C0520,17,14
C0520,18,13
C0520,19,9
C0520,20,11
C0520,21,10
C0520,22,5
C0520,23,12
C0520,24,13
C0520,25,11
C0520,26,12
C0521,1,66
C0521,2,80
C0521,3,69
C0521,4,59
C0521,5,77
C0521,6,72
C0521,7,64
C0521,8,92
C0521,9,82
C0521,10,77
C0521,11,56
C0521,12,86
C0521,13,77
C0521,14,66
C0521,15,79
C0521,16,68
C0521,17,94
C0521,18,79
C0521,19,87
C0521,20,89
C0521,21,65
C0521,22,72
C0521,23,72
C0521,24,71
C0521,25,85
C0521,26,71
C0522,1,45
C0522,2,49
C0522,3,55
C0522,4,41
C0522,5,43
C0522,6,45
C0522,7,42
C0522,8,49
C0522,9,46
C0522,10,34
C0522,11,54
C0522,12,65
C0522,13,39
C0522,14,51
C0522,15,39
C0522,16,42
C0522,17,38
C0522,18,45
C0522,19,47
C0522,20,35
C0522,21,48
C0522,22,40
C0522,23,49
C0522,24,41
C0522,25,38
C0522,26,53
C0523,1,25
C0523,2,40
C0523,3,27
C0523,4,30
C0523,5,35
C0523,6,28
C0523,7,31
C0523,8,28
C0523,9,16
C0523,10,21
C0523,11,23
C0523,12,22
C0523,13,21
C0523,14,17
C0523,15,10
C0523,16,9
C0523,17,13
C0523,18,18
C0523,19,13
C0523,20,16
C0523,21,11
C0523,22,11
C0523,23,13
C0523,24,15
C0523,25,12
C0523,26,18
C0524,1,76
C0524,2,81
C0524,3,91
C0524,4,76
C0524,5,83
C0524,6,106
C0524,7,76
C0524,8,76
C0524,9,78
C0524,10,87
C0524,11,85
C0524,12,70
C0524,13,79
C0524,14,73
C0524,15,87
C0524,16,66
C0524,17,88
C0524,18,67
C0524,19,90
C0524,20,67
C0524,21,77
C0524,22,82
C0524,23,77
C0524,24,76
C0524,25,73
C0524,26,78
C0525,1,38
C0525,2,30
C0525,3,39
C0525,4,39
C0525,5,38
C0525,6,41
C0525,7,42
C0525,8,30
C0525,9,29
C0525,10,34
C0525,11,33
C0525,12,30
C0525,13,25
C0525,14,19
C0525,15,29
C0525,16,28
C0525,17,17
C0525,18,19
C0525,19,25
C0525,20,18
C0525,21,15
C0525,22,19
C0525,23,12
C0525,24,18
C0525,25,31
C0525,26,15
C0526,1,51
C0526,2,52
C0526,3,50
C0526,4,56
C0526,5,57
C0526,6,49
C0526,7,46
C0526,8,36
C0526,9,58
C0526,10,50
C0526,11,56
C0526,12,51
C0526,13,33
C0526,14,54
C0526,15,49
C0526,16,38
C0526,17,56
C0526,18,48
C0526,19,44
C0526,20,43
C0526,21,47
C0526,22,59
C0526,23,35
C0526,24,58
C0526,25,48
C0526,26,58
C0527,1,63
C0527,2,55
C0527,3,41
C0527,4,56
C0527,5,60
C0527,6,62
C0527,7,58
C0527,8,59
C0527,9,60
C0527,10,49
C0527,11,51
C0527,12,45
C0527,13,53
C0527,14,38
C0527,15,45
C0527,16,52
C0527,17,49
C0527,18,47
C0527,19,40
C0527,20,51
C0527,21,62
C0527,22,59
C0527,23,52
C0527,24,47
C0527,25,48
C0527,26,59
C0528,1,47
C0528,2,47
C0528,3,47
C0528,4,51
C0528,5,46
C0528,6,57
C0528,7,66
C0528,8,53
C0528,9,53
C0528,10,46
C0528,11,54
C0528,12,64
C0528,13,63
C0528,14,54
C0528,15,50
C0528,16,59
C0528,17,35
C0528,18,28
C0528,19,25
C0528,20,17
C0528,21,13
C0528,22,9
C0528,23,27
C0528,24,24
C0528,25,10
C0528,26,13
C0529,1,24
C0529,2,38
C0529,3,20
C0529,4,29
C0529,5,32
C0529,6,28
C0529,7,22
C0529,8,30
C0529,9,32
C0529,10,23
C0529,11,36
C0529,12,28
C0529,13,25
C0529,14,35
C0529,15,28
C0529,16,20
C0529,17,34
C0529,18,28
C0529,19,37
C0529,20,37
C0529,21,30
C0529,22,37
C0529,23,31
C0529,24,31
C0529,25,21
C0529,26,28
C0530,1,59
C0530,2,56
C0530,3,52
C0530,4,55
C0530,5,54
C0530,6,48
C0530,7,39
C0530,8,49
C0530,9,45
C0530,10,56
C0530,11,47
C0530,12,49
C0530,13,50
C0530,14,55
C0530,15,51
C0530,16,38
C0530,17,43
C0530,18,54
C0530,19,59
C0530,20,51
C0530,21,50
C0530,22,46
C0530,23,34
C0530,24,49
C0530,25,51
C0530,26,51
C0531,1,31
C0531,2,53
C0531,3,36
C0531,4,40
C0531,5,36
C0531,6,34
C0531,7,33
C0531,8,32
C0531,9,37
C0531,10,38
C0531,11,37
C0531,12,40
C0531,13,38
C0531,14,39
C0531,15,38
C0531,16,26
C0531,17,44
C0531,18,24
C0531,19,33
C0531,20,41
C0531,21,42
C0531,22,32
C0531,23,39
C0531,24,41
C0531,25,50
C0531,26,47
C0532,1,84
C0532,2,83
C0532,3,77
C0532,4,40
C0532,5,76
C0532,6,83
C0532,7,59
C0532,8,58
C0532,9,94
C0532,10,84
C0532,11,82
C0532,12,76
C0532,13,76
C0532,14,64
C0532,15,75
C0532,16,78
C0532,17,73
C0532,18,72
C0532,19,50
C0532,20,75
C0532,21,74
C0532,22,88
C0532,23,75
C0532,24,73
C0532,25,63
C0532,26,70
C0533,1,38
C0533,2,36
C0533,3,51
C0533,4,42
C0533,5,37
C0533,6,37
C0533,7,44
C0533,8,41
C0533,9,51
C0533,10,33
C0533,11,34
C0533,12,32
C0533,13,45
C0533,14,32
C0533,15,42
C0533,16,25
C0533,17,44
C0533,18,34
C0533,19,50
C0533,20,47
C0533,21,40
C0533,22,38
C0533,23,35
C0533,24,30
C0533,25,39
C0533,26,38
C0534,1,66
C0534,2,47
C0534,3,48
C0534,4,75
C0534,5,71
C0534,6,50
C0534,7,56
C0534,8,74
C0534,9,56
C0534,10,58
C0534,11,44
C0534,12,44
C0534,13,64
C0534,14,71
C0534,15,74
C0534,16,72
C0534,17,46
C0534,18,65
C0534,19,66
C0534,20,55
C0534,21,35
C0534,22,42
C0534,23,31
C0534,24,40
C0534,25,38
C0534,26,31
C0535,1,33
C0535,2,17
C0535,3,21
C0535,4,31
C0535,5,28
C0535,6,30
C0535,7,36
C0535,8,30
C0535,9,25
C0535,10,24
C0535,11,31
C0535,12,36
C0535,13,28
C0535,14,28
C0535,15,29
C0535,16,24
C0535,17,27
C0535,18,36
C0535,19,27
C0535,20,13
C0535,21,22
C0535,22,28
C0535,23,19
C0535,24,14
C0535,25,11
C0535,26,24
C0536,1,86
C0536,2,86
C0536,3,68
C0536,4,66
C0536,5,69
C0536,6,69
C0536,7,75
C0536,8,74
C0536,9,65
C0536,10,59
C0536,11,76
C0536,12,70
C0536,13,75
C0536,14,71
C0536,15,79
C0536,16,65
C0536,17,58
C0536,18,85
C0536,19,63
C0536,20,78
C0536,21,82
C0536,22,50
C0536,23,75
C0536,24,62
C0536,25,97
C0536,26,88
C0537,1,26
C0537,2,21
C0537,3,33
C0537,4,22
C0537,5,35
C0537,6,17
C0537,7,22
C0537,8,20
C0537,9,32
C0537,10,34
C0537,11,23
C0537,12,15
C0537,13,24
C0537,14,24
C0537,15,14
C0537,16,27
C0537,17,7
C0537,18,19
C0537,19,23
C0537,20,18
C0537,21,14
C0537,22,23
C0537,23,12
C0537,24,11
C0537,25,18
C0537,26,14
C0538,1,63
C0538,2,50
C0538,3,70
C0538,4,52
C0538,5,52
C0538,6,66
C0538,7,68
C0538,8,66
C0538,9,53
C0538,10,55
C0538,11,60
C0538,12,79
C0538,13,45
C0538,14,54
C0538,15,64
C0538,16,67
C0538,17,67
C0538,18,73
C0538,19,62
C0538,20,55
C0538,21,59
C0538,22,55
C0538,23,78
C0538,24,58
C0538,25,62
C0538,26,53
C0539,1,48
C0539,2,51
C0539,3,49
C0539,4,47
C0539,5,43
C0539,6,39
C0539,7,41
C0539,8,48
C0539,9,49
C0539,10,52
C0539,11,60
C0539,12,32
C0539,13,44
C0539,14,46
C0539,15,49
C0539,16,50
C0539,17,42
C0539,18,54
C0539,19,56
C0539,20,45
C0539,21,39
C0539,22,54
C0539,23,37
C0539,24,41
C0539,25,46
C0539,26,33
C0540,1,24
C0540,2,20
C0540,3,29
C0540,4,33
C0540,5,19
C0540,6,32
C0540,7,22
C0540,8,23
C0540,9,23
C0540,10,22
C0540,11,18
C0540,12,24
C0540,13,21
C0540,14,15
C0540,15,30
C0540,16,32
C0540,17,9
C0540,18,9
C0540,19,15
C0540,20,19
C0540,21,23
C0540,22,32
C0540,23,27
C0540,24,14
C0540,25,27
C0540,26,22
C0541,1,33
C0541,2,34
C0541,3,46
C0541,4,32
C0541,5,37
C0541,6,42
C0541,7,38
C0541,8,32
C0541,9,34
C0541,10,48
C0541,11,57
C0541,12,41
C0541,13,40
C0541,14,38
C0541,15,44
C0541,16,43
C0541,17,34
C0541,18,38
C0541,19,45
C0541,20,45
C0541,21,45
C0541,22,49
C0541,23,47
C0541,24,40
C0541,25,43
C0541,26,40
C0542,1,56
C0542,2,39
C0542,3,50
C0542,4,56
C0542,5,55
C0542,6,44
C0542,7,41
C0542,8,56
C0542,9,48
C0542,10,42
C0542,11,49
C0542,12,65
C0542,13,49
C0542,14,56
C0542,15,49
C0542,16,69
C0542,17,43
C0542,18,56
C0542,19,39
C0542,20,48
C0542,21,49
C0542,22,42
C0542,23,37
C0542,24,51
C0542,25,37
C0542,26,39
C0543,1,43
C0543,2,49
C0543,3,43
C0543,4,49
C0543,5,45
C0543,6,49
C0543,7,33
C0543,8,26
C0543,9,51
C0543,10,42
C0543,11,47
C0543,12,40
C0543,13,36
C0543,14,46
C0543,15,41
C0543,16,50
C0543,17,43
C0543,18,46
C0543,19,39
C0543,20,32
C0543,21,35
C0543,22,43
C0543,23,54
C0543,24,38
C0543,25,38
C0543,26,33
C0544,1,44
C0544,2,32
C0544,3,35
C0544,4,28
C0544,5,44
C0544,6,43
C0544,7,51
C0544,8,43
C0544,9,44
C0544,10,26
C0544,11,43
C0544,12,44
C0544,13,42
C0544,14,33
C0544,15,27
C0544,16,13
C0544,17,24
C0544,18,12
C0544,19,9
C0544,20,21
C0544,21,21
C0544,22,16
C0544,23,12
C0544,24,18
C0544,25,12
C0544,26,19
C0545,1,19
C0545,2,14
C0545,3,12
C0545,4,15
C0545,5,10
C0545,6,9
C0545,7,8
C0545,8,6
C0545,9,14
C0545,10,7
C0545,11,10
C0545,12,10
C0545,13,15
C0545,14,10
C0545,15,9
C0545,16,12
C0545,17,13
C0545,18,12
C0545,19,13
C0545,20,6
C0545,21,7
C0545,22,7
C0545,23,13
C0545,24,6
C0545,25,5
C0545,26,11
C0546,1,44
C0546,2,53
C0546,3,45
C0546,4,32
C0546,5,50
C0546,6,49
C0546,7,50
C0546,8,60
C0546,9,32
C0546,10,34
C0546,11,61
C0546,12,34
C0546,13,46
C0546,14,44
C0546,15,48
C0546,16,59
C0546,17,60
C0546,18,43
C0546,19,55
C0546,20,45
C0546,21,67
C0546,22,64
C0546,23,40
C0546,24,54
C0546,25,57
C0546,26,39
C0547,1,55
C0547,2,47
C0547,3,39
C0547,4,33
C0547,5,34
C0547,6,46
C0547,7,39
C0547,8,51
C0547,9,44
C0547,10,54
C0547,11,37
C0547,12,52
C0547,13,43
C0547,14,40
C0547,15,36
C0547,16,44
C0547,17,53
C0547,18,22
C0547,19,39
C0547,20,35
C0547,21,48
C0547,22,41
C0547,23,54
C0547,24,43
C0547,25,52
C0547,26,50
C0548,1,42
C0548,2,44
C0548,3,45
C0548,4,41
C0548,5,47
C0548,6,30
C0548,7,40
C0548,8,46
C0548,9,43
C0548,10,50
C0548,11,32
C0548,12,20
C0548,13,27
C0548,14,31
C0548,15,21
C0548,16,30
C0548,17,27
C0548,18,35
C0548,19,22
C0548,20,28
C0548,21,27
C0548,22,24
C0548,23,13
C0548,24,15
C0548,25,15
C0548,26,18
C0549,1,32
C0549,2,37
C0549,3,56
C0549,4,58
C0549,5,48
C0549,6,47
C0549,7,47
C0549,8,49
C0549,9,48
C0549,10,44
C0549,11,57
C0549,12,61
C0549,13,56
C0549,14,42
C0549,15,48
C0549,16,60
C0549,17,55
C0549,18,48
C0549,19,45
C0549,20,57
C0549,21,40
C0549,22,56
C0549,23,53
C0549,24,43
C0549,25,38
C0549,26,63
C0550,1,17
C0550,2,15
C0550,3,14
C0550,4,11
C0550,5,8
C0550,6,11
C0550,7,22
C0550,8,13
C0550,9,18
C0550,10,12
C0550,11,14
C0550,12,13
C0550,13,16
C0550,14,13
C0550,15,18
C0550,16,15
C0550,17,19
C0550,18,11
C0550,19,10
C0550,20,16
C0550,21,10
C0550,22,11
C0550,23,18
C0550,24,11
C0550,25,14
C0550,26,12
C0551,1,108
C0551,2,112
C0551,3,109
C0551,4,135
C0551,5,122
C0551,6,123
C0551,7,121
C0551,8,125
C0551,9,129
C0551,10,126
C0551,11,89
C0551,12,110
C0551,13,91
C0551,14,72
C0551,15,67
C0551,16,56
C0551,17,38
C0551,18,54
C0551,19,57
C0551,20,64
C0551,21,47
C0551,22,62
C0551,23,45
C0551,24,63
C0551,25,43
C0551,26,49
C0552,1,21
C0552,2,39
C0552,3,23
C0552,4,37
C0552,5,38
C0552,6,32
C0552,7,34
C0552,8,27
C0552,9,37
C0552,10,39
C0552,11,53
C0552,12,19
C0552,13,35
C0552,14,38
C0552,15,24
C0552,16,33
C0552,17,31
C0552,18,39
C0552,19,35
C0552,20,28
C0552,21,20
C0552,22,35
C0552,23,29
C0552,24,26
C0552,25,28
C0552,26,37
C0553,1,76
C0553,2,70
C0553,3,56
C0553,4,71
C0553,5,72
C0553,6,69
C0553,7,59
C0553,8,80
C0553,9,69
C0553,10,70
C0553,11,75
C0553,12,85
C0553,13,81
C0553,14,69
C0553,15,68
C0553,16,82
C0553,17,24
C0553,18,11
C0553,19,16
C0553,20,16
C0553,21,15
C0553,22,16
C0553,23,20
C0553,24,20
C0553,25,18
C0553,26,14
C0554,1,39
C0554,2,52
C0554,3,50
C0554,4,48
C0554,5,52
C0554,6,48
C0554,7,52
C0554,8,60
C0554,9,44
C0554,10,49
C0554,11,44
C0554,12,37
C0554,13,31
C0554,14,25
C0554,15,34
C0554,16,37
C0554,17,52
C0554,18,41
C0554,19,48
C0554,20,43
C0554,21,35
C0554,22,35
C0554,23,34
C0554,24,33
C0554,25,42
C0554,26,41
C0555,1,62
C0555,2,59
C0555,3,60
C0555,4,55
C0555,5,67
C0555,6,77
C0555,7,64
C0555,8,66
C0555,9,91
C0555,10,50
C0555,11,72
C0555,12,65
C0555,13,73
C0555,14,63
C0555,15,62
C0555,16,83
C0555,17,61
C0555,18,62
C0555,19,70
C0555,20,68
C0555,21,72
C0555,22,84
C0555,23,87
C0555,24,86
C0555,25,76
C0555,26,83
C0556,1,43
C0556,2,47
C0556,3,49
C0556,4,41
C0556,5,39
C0556,6,35
C0556,7,37
C0556,8,46
C0556,9,40
C0556,10,54
C0556,11,46
C0556,12,58
C0556,13,51
C0556,14,49
C0556,15,62
C0556,16,45
C0556,17,44
C0556,18,49
C0556,19,48
C0556,20,37
C0556,21,43
C0556,22,51
C0556,23,60
C0556,24,51
C0556,25,44
C0556,26,48
C0557,1,49
C0557,2,64
C0557,3,41
C0557,4,54
C0557,5,53
C0557,6,63
C0557,7,37
C0557,8,53
C0557,9,42
C0557,10,39
C0557,11,50
C0557,12,49
C0557,13,50
C0557,14,33
C0557,15,59
C0557,16,62
C0557,17,49
C0557,18,57
C0557,19,59
C0557,20,48
C0557,21,51
C0557,22,50
C0557,23,54
C0557,24,45
C0557,25,57
C0557,26,37
C0558,1,36
C0558,2,24
C0558,3,38
C0558,4,29
C0558,5,41
C0558,6,23
C0558,7,27
C0558,8,27
C0558,9,28
C0558,10,27
C0558,11,41
C0558,12,32
C0558,13,38
C0558,14,31
C0558,15,31
C0558,16,41
C0558,17,41
C0558,18,25
C0558,19,37
C0558,20,32
C0558,21,47
C0558,22,33
C0558,23,36
C0558,24,31
C0558,25,51
C0558,26,25
C0559,1,50
C0559,2,42
C0559,3,44
C0559,4,39
C0559,5,54
C0559,6,56
C0559,7,45
C0559,8,41
C0559,9,51
C0559,10,40
C0559,11,17
C0559,12,16
C0559,13,20
C0559,14,21
C0559,15,19
C0559,16,24
C0559,17,18
C0559,18,22
C0559,19,25
C0559,20,26
C0559,21,19
C0559,22,24
C0559,23,22
C0559,24,26
C0559,25,16
C0559,26,12
C0560,1,48
C0560,2,39
C0560,3,48
C0560,4,38
C0560,5,39
C0560,6,47
C0560,7,33
C0560,8,49
C0560,9,42
C0560,10,53
C0560,11,55
C0560,12,46
C0560,13,36
C0560,14,42
C0560,15,43
C0560,16,48
C0560,17,50
C0560,18,55
C0560,19,43
C0560,20,38
C0560,21,31
C0560,22,37
C0560,23,38
C0560,24,63
C0560,25,45
C0560,26,56
C0561,1,31
C0561,2,51
C0561,3,61
C0561,4,61
C0561,5,61
C0561,6,47
C0561,7,47
C0561,8,59
C0561,9,41
C0561,10,50
C0561,11,48
C0561,12,61
C0561,13,39
C0561,14,50
C0561,15,66
C0561,16,45
C0561,17,45
C0561,18,40
C0561,19,32
C0561,20,23
C0561,21,27
C0561,22,31
C0561,23,41
C0561,24,24
C0561,25,30
C0561,26,27
C0562,1,68
C0562,2,77
C0562,3,63
C0562,4,56
C0562,5,70
C0562,6,68
C0562,7,51
C0562,8,70
C0562,9,64
C0562,10,62
C0562,11,50
C0562,12,61
C0562,13,74
C0562,14,34
C0562,15,46
C0562,16,20
C0562,17,20
C0562,18,18
C0562,19,19
C0562,20,17
C0562,21,17
C0562,22,23
C0562,23,14
C0562,24,23
C0562,25,22
C0562,26,12
C0563,1,37
C0563,2,61
C0563,3,26
C0563,4,41
C0563,5,42
C0563,6,54
C0563,7,38
C0563,8,43
C0563,9,45
C0563,10,48
C0563,11,55
C0563,12,28
C0563,13,49
C0563,14,52
C0563,15,40
C0563,16,53
C0563,17,52
C0563,18,41
C0563,19,60
C0563,20,46
C0563,21,50
C0563,22,42
C0563,23,32
C0563,24,33
C0563,25,37
C0563,26,41
C0564,1,79
C0564,2,89
C0564,3,72
C0564,4,73
C0564,5,93
C0564,6,68
C0564,7,91
C0564,8,86
C0564,9,85
C0564,10,81
C0564,11,83
C0564,12,74
C0564,13,77
C0564,14,99
C0564,15,76
C0564,16,91
C0564,17,92
C0564,18,70
C0564,19,31
C0564,20,40
C0564,21,15
C0564,22,46
C0564,23,46
C0564,24,37
C0564,25,31
C0564,26,44
C0565,1,62
C0565,2,59
C0565,3,75
C0565,4,47
C0565,5,76
C0565,6,79
C0565,7,80
C0565,8,55
C0565,9,64
C0565,10,49
C0565,11,46
C0565,12,61
C0565,13,73
C0565,14,67
C0565,15,52
C0565,16,40
C0565,17,35
C0565,18,35
C0565,19,33
C0565,20,53
C0565,21,27
C0565,22,38
C0565,23,36
C0565,24,40
C0565,25,41
C0565,26,49
C0566,1,44
C0566,2,40
C0566,3,41
C0566,4,39
C0566,5,45
C0566,6,37
C0566,7,31
C0566,8,29
C0566,9,26
C0566,10,31
C0566,11,36
C0566,12,35
C0566,13,42
C0566,14,31
C0566,15,37
C0566,16,33
C0566,17,38
C0566,18,26
C0566,19,40
C0566,20,32
C0566,21,33
C0566,22,37
C0566,23,38
C0566,24,34
C0566,25,39
C0566,26,35
C0567,1,61
C0567,2,56
C0567,3,51
C0567,4,53
C0567,5,50
C0567,6,53
C0567,7,43
C0567,8,45
C0567,9,60
C0567,10,51
C0567,11,51
C0567,12,40
C0567,13,24
C0567,14,22
C0567,15,20
C0567,16,9
C0567,17,2
C0567,18,10
C0567,19,8
C0567,20,9
C0567,21,3
C0567,22,5
C0567,23,8
C0567,24,7
C0567,25,10
C0567,26,11
C0568,1,53
C0568,2,43
C0568,3,46
C0568,4,41
C0568,5,42
C0568,6,44
C0568,7,42
C0568,8,19
C0568,9,39
C0568,10,53
C0568,11,34
C0568,12,36
C0568,13,43
C0568,14,40
C0568,15,47
C0568,16,36
C0568,17,39
C0568,18,42
C0568,19,39
C0568,20,33
C0568,21,41
C0568,22,37
C0568,23,38
C0568,24,31
C0568,25,43
C0568,26,43
C0569,1,86
C0569,2,74
C0569,3,68
C0569,4,93
C0569,5,89
C0569,6,52
C0569,7,61
C0569,8,80
C0569,9,75
C0569,10,67
C0569,11,72
C0569,12,64
C0569,13,69
C0569,14,71
C0569,15,82
C0569,16,80
C0569,17,40
C0569,18,41
C0569,19,50
C0569,20,43
C0569,21,46
C0569,22,38
C0569,23,48
C0569,24,43
C0569,25,41
C0569,26,46
C0570,1,41
C0570,2,42
C0570,3,47
C0570,4,33
C0570,5,21
C0570,6,57
C0570,7,44
C0570,8,43
C0570,9,44
C0570,10,43
C0570,11,36
C0570,12,38
C0570,13,39
C0570,14,43
C0570,15,45
C0570,16,28
C0570,17,38
C0570,18,44
C0570,19,30
C0570,20,31
C0570,21,30
C0570,22,26
C0570,23,36
C0570,24,20
C0570,25,33
C0570,26,42
C0571,1,17
C0571,2,23
C0571,3,25
C0571,4,25
C0571,5,19
C0571,6,27
C0571,7,28
C0571,8,27
C0571,9,21
C0571,10,23
C0571,11,15
C0571,12,23
C0571,13,19
C0571,14,13
C0571,15,18
C0571,16,10
C0571,17,27
C0571,18,24
C0571,19,24
C0571,20,24
C0571,21,29
C0571,22,15
C0571,23,22
C0571,24,19
C0571,25,17
C0571,26,20
C0572,1,19
C0572,2,19
C0572,3,33
C0572,4,22
C0572,5,19
C0572,6,27
C0572,7,22
C0572,8,22
C0572,9,33
C0572,10,22
C0572,11,33
C0572,12,29
C0572,13,20
C0572,14,19
C0572,15,19
C0572,16,22
C0572,17,23
C0572,18,28
C0572,19,23
C0572,20,12
C0572,21,13
C0572,22,11
C0572,23,15
C0572,24,14
C0572,25,13
C0572,26,9
C0573,1,18
C0573,2,9
C0573,3,17
C0573,4,12
C0573,5,13
C0573,6,15
C0573,7,6
C0573,8,8
C0573,9,4
C0573,10,7
C0573,11,16
C0573,12,16
C0573,13,8
C0573,14,9
C0573,15,10
C0573,16,17
C0573,17,8
C0573,18,13
C0573,19,12
C0573,20,12
C0573,21,11
C0573,22,5
C0573,23,14
C0573,24,6
C0573,25,9
C0573,26,14
C0574,1,63
C0574,2,68
C0574,3,65
C0574,4,67
C0574,5,60
C0574,6,49
C0574,7,58
C0574,8,47
C0574,9,60
C0574,10,58
C0574,11,62
C0574,12,61
C0574,13,40
C0574,14,53
C0574,15,70
C0574,16,70
C0574,17,57
C0574,18,72
C0574,19,39
C0574,20,66
C0574,21,59
C0574,22,53
C0574,23,70
C0574,24,45
C0574,25,63
C0574,26,38
C0575,1,34
C0575,2,43
C0575,3,25
C0575,4,33
C0575,5,29
C0575,6,37
C0575,7,29
C0575,8,27
C0575,9,36
C0575,10,34
C0575,11,37
C0575,12,37
C0575,13,42
C0575,14,29
C0575,15,40
C0575,16,18
C0575,17,39
C0575,18,27
C0575,19,21
C0575,20,29
C0575,21,39
C0575,22,34
C0575,23,40
C0575,24,30
C0575,25,43
C0575,26,43
C0576,1,31
C0576,2,13
C0576,3,32
C0576,4,36
C0576,5,28
C0576,6,22
C0576,7,27
C0576,8,39
C0576,9,37
C0576,10,28
C0576,11,37
C0576,12,30
C0576,13,27
C0576,14,29
C0576,15,33
C0576,16,34
C0576,17,29
C0576,18,33
C0576,19,38
C0576,20,35
C0576,21,32
C0576,22,19
C0576,23,27
C0576,24,29
C0576,25,34
C0576,26,37
C0577,1,83
C0577,2,100
C0577,3,53
C0577,4,74
C0577,5,71
C0577,6,52
C0577,7,73
C0577,8,71
C0577,9,70
C0577,10,50
C0577,11,51
C0577,12,45
C0577,13,41
C0577,14,33
C0577,15,38
C0577,16,28
C0577,17,41
C0577,18,23
C0577,19,41
C0577,20,42
C0577,21,44
C0577,22,28
C0577,23,37
C0577,24,31
C0577,25,46
C0577,26,34
C0578,1,28
C0578,2,41
C0578,3,22
C0578,4,29
C0578,5,22
C0578,6,32
C0578,7,21
C0578,8,30
C0578,9,43
C0578,10,30
C0578,11,34
C0578,12,31
C0578,13,30
C0578,14,19
C0578,15,33
C0578,16,27
C0578,17,26
C0578,18,27
C0578,19,20
C0578,20,16
C0578,21,21
C0578,22,21
C0578,23,11
C0578,24,7
C0578,25,9
C0578,26,25
C0579,1,52
C0579,2,40
C0579,3,54
C0579,4,50
C0579,5,55
C0579,6,35
C0579,7,56
C0579,8,45
C0579,9,57
C0579,10,46
C0579,11,55
C0579,12,47
C0579,13,44
C0579,14,50
C0579,15,54
C0579,16,49
C0579,17,42
C0579,18,47
C0579,19,38
C0579,20,57
C0579,21,49
C0579,22,43
C0579,23,57
C0579,24,59
C0579,25,52
C0579,26,44
C0580,1,16
C0580,2,24
C0580,3,27
C0580,4,31
C0580,5,18
C0580,6,32
C0580,7,31
C0580,8,29
C0580,9,19
C0580,10,27
C0580,11,31
C0580,12,24
C0580,13,27
C0580,14,29
C0580,15,17
C0580,16,25
C0580,17,20
C0580,18,20
C0580,19,26
C0580,20,24
C0580,21,34
C0580,22,25
C0580,23,26
C0580,24,28
C0580,25,35
C0580,26,26
C0581,1,40
C0581,2,50
C0581,3,50
C0581,4,73
C0581,5,42
C0581,6,51
C0581,7,46
C0581,8,45
C0581,9,55
C0581,10,62
C0581,11,61
C0581,12,48
C0581,13,64
C0581,14,47
C0581,15,62
C0581,16,44
C0581,17,61
C0581,18,58
C0581,19,55
C0581,20,58
C0581,21,41
C0581,22,54
C0581,23,59
C0581,24,47
C0581,25,51
C0581,26,62
C0582,1,63
C0582,2,82
C0582,3,72
C0582,4,71
C0582,5,65
C0582,6,70
C0582,7,78
C0582,8,80
C0582,9,74
C0582,10,75
C0582,11,62
C0582,12,85
C0582,13,72
C0582,14,86
C0582,15,68
C0582,16,84
C0582,17,78
C0582,18,63
C0582,19,46
C0582,20,40
C0582,21,44
C0582,22,28
C0582,23,33
C0582,24,38
C0582,25,26
C0582,26,40
C0583,1,34
C0583,2,28
C0583,3,36
C0583,4,26
C0583,5,22
C0583,6,27
C0583,7,39
C0583,8,34
C0583,9,33
C0583,10,30
C0583,11,36
C0583,12,23
C0583,13,5
C0583,14,10
C0583,15,0
C0583,16,11
C0583,17,10
C0583,18,7
C0583,19,12
C0583,20,6
C0583,21,5
C0583,22,8
C0583,23,7
C0583,24,2
C0583,25,3
C0583,26,5
C0584,1,59
C0584,2,41
C0584,3,35
C0584,4,64
C0584,5,57
C0584,6,48
C0584,7,48
C0584,8,54
C0584,9,60
C0584,10,52
C0584,11,44
C0584,12,58
C0584,13,68
C0584,14,59
C0584,15,58
C0584,16,35
C0584,17,47
C0584,18,41
C0584,19,35
C0584,20,31
C0584,21,17
C0584,22,35
C0584,23,33
C0584,24,32
C0584,25,17
C0584,26,26
C0585,1,21
C0585,2,33
C0585,3,26
C0585,4,22
C0585,5,27
C0585,6,21
C0585,7,27
C0585,8,20
C0585,9,16
C0585,10,22
C0585,11,24
C0585,12,26
C0585,13,27
C0585,14,16
C0585,15,15
C0585,16,30
C0585,17,21
C0585,18,23
C0585,19,22
C0585,20,23
C0585,21,21
C0585,22,28
C0585,23,19
C0585,24,20
C0585,25,28
C0585,26,23
C0586,1,42
C0586,2,33
C0586,3,42
C0586,4,34
C0586,5,47
C0586,6,44
C0586,7,47
C0586,8,39
C0586,9,41
C0586,10,55
C0586,11,47
C0586,12,53
C0586,13,50
C0586,14,39
C0586,15,44
C0586,16,38
C0586,17,50
C0586,18,49
C0586,19,41
C0586,20,58
C0586,21,46
C0586,22,44
C0586,23,34
C0586,24,39
C0586,25,32
C0586,26,48
C0587,1,98
C0587,2,98
C0587,3,102
C0587,4,76
C0587,5,99
C0587,6,120
C0587,7,85
C0587,8,102
C0587,9,75
C0587,10,95
C0587,11,83
C0587,12,96
C0587,13,80
C0587,14,92
C0587,15,71
C0587,16,51
C0587,17,39
C0587,18,25
C0587,19,33
C0587,20,17
C0587,21,41
C0587,22,21
C0587,23,45
C0587,24,30
C0587,25,34
C0587,26,33
C0588,1,29
C0588,2,33
C0588,3,43
C0588,4,42
C0588,5,51
C0588,6,24
C0588,7,45
C0588,8,29
C0588,9,35
C0588,10,24
C0588,11,26
C0588,12,23
C0588,13,45
C0588,14,35
C0588,15,43
C0588,16,21
C0588,17,22
C0588,18,24
C0588,19,17
C0588,20,16
C0588,21,14
C0588,22,14
C0588,23,11
C0588,24,11
C0588,25,20
C0588,26,11
C0589,1,59
C0589,2,51
C0589,3,55
C0589,4,59
C0589,5,41
C0589,6,57
C0589,7,59
C0589,8,71
C0589,9,69
C0589,10,67
C0589,11,71
C0589,12,67
C0589,13,55
C0589,14,71
C0589,15,59
C0589,16,70
C0589,17,77
C0589,18,75
C0589,19,65
C0589,20,66
C0589,21,66
C0589,22,84
C0589,23,65
C0589,24,69
C0589,25,64
C0589,26,67
C0590,1,45
C0590,2,39
C0590,3,56
C0590,4,46
C0590,5,44
C0590,6,42
C0590,7,64
C0590,8,67
C0590,9,53
C0590,10,51
C0590,11,48
C0590,12,48
C0590,13,43
C0590,14,43
C0590,15,56
C0590,16,40
C0590,17,53
C0590,18,32
C0590,19,23
C0590,20,13
C0590,21,16
C0590,22,16
C0590,23,15
C0590,24,22
C0590,25,25
C0590,26,22
C0591,1,53
C0591,2,46
C0591,3,46
C0591,4,52
C0591,5,69
C0591,6,47
C0591,7,43
C0591,8,47
C0591,9,55
C0591,10,45
C0591,11,51
C0591,12,50
C0591,13,50
C0591,14,57
C0591,15,44
C0591,16,54
C0591,17,53
C0591,18,52
C0591,19,62
C0591,20,57
C0591,21,74
C0591,22,46
C0591,23,58
C0591,24,68
C0591,25,58
C0591,26,59
C0592,1,116
C0592,2,104
C0592,3,110
C0592,4,129
C0592,5,105
C0592,6,148
C0592,7,113
C0592,8,114
C0592,9,125
C0592,10,127
C0592,11,90
C0592,12,50
C0592,13,69
C0592,14,65
C0592,15,77
C0592,16,80
C0592,17,64
C0592,18,73
C0592,19,65
C0592,20,51
C0592,21,68
C0592,22,59
C0592,23,61
C0592,24,51
C0592,25,66
C0592,26,69
C0593,1,41
C0593,2,22
C0593,3,24
C0593,4,31
C0593,5,22
C0593,6,18
C0593,7,34
C0593,8,24
C0593,9,35
C0593,10,36
C0593,11,37
C0593,12,30
C0593,13,21
C0593,14,34
C0593,15,31
C0593,16,24
C0593,17,32
C0593,18,37
C0593,19,19
C0593,20,20
C0593,21,12
C0593,22,17
C0593,23,3
C0593,24,5
C0593,25,5
C0593,26,7
C0594,1,16
C0594,2,21
C0594,3,26
C0594,4,22
C0594,5,17
C0594,6,25
C0594,7,29
C0594,8,17
C0594,9,15
C0594,10,20
C0594,11,26
C0594,12,21
C0594,13,19
C0594,14,12
C0594,15,13
C0594,16,24
C0594,17,27
C0594,18,27
C0594,19,21
C0594,20,23
C0594,21,23
C0594,22,18
C0594,23,27
C0594,24,18
C0594,25,19
C0594,26,20
C0595,1,28
C0595,2,24
C0595,3,34
C0595,4,28
C0595,5,23
C0595,6,25
C0595,7,19
C0595,8,31
C0595,9,28
C0595,10,25
C0595,11,31
C0595,12,35
C0595,13,29
C0595,14,30
C0595,15,9
C0595,16,8
C0595,17,9
C0595,18,4
C0595,19,11
C0595,20,10
C0595,21,7
C0595,22,2
C0595,23,6
C0595,24,9
C0595,25,4
C0595,26,5
C0596,1,35
C0596,2,41
C0596,3,53
C0596,4,28
C0596,5,42
C0596,6,45
C0596,7,44
C0596,8,46
C0596,9,36
C0596,10,38
C0596,11,56
C0596,12,45
C0596,13,49
C0596,14,42
C0596,15,33
C0596,16,22
C0596,17,39
C0596,18,26
C0596,19,47
C0596,20,35
C0596,21,44
C0596,22,32
C0596,23,38
C0596,24,48
C0596,25,44
C0596,26,36
C0597,1,5
C0597,2,21
C0597,3,18
C0597,4,20
C0597,5,15
C0597,6,20
C0597,7,9
C0597,8,18
C0597,9,16
C0597,10,18
C0597,11,21
C0597,12,7
C0597,13,12
C0597,14,7
C0597,15,3
C0597,16,3
C0597,17,1
C0597,18,2
C0597,19,6
C0597,20,4
C0597,21,2
C0597,22,2
C0597,23,6
C0597,24,2
C0597,25,5
C0597,26,4
C0598,1,23
C0598,2,29
C0598,3,33
C0598,4,39
C0598,5,27
C0598,6,27
C0598,7,38
C0598,8,36
C0598,9,29
C0598,10,28
C0598,11,6
C0598,12,12
C0598,13,2
C0598,14,4
C0598,15,1
C0598,16,10
C0598,17,8
C0598,18,9
C0598,19,1
C0598,20,6
C0598,21,7
C0598,22,5
C0598,23,7
C0598,24,4
C0598,25,5
C0598,26,3
C0599,1,11
C0599,2,8
C0599,3,12
C0599,4,3
C0599,5,12
C0599,6,15
C0599,7,17
C0599,8,11
C0599,9,11
C0599,10,9
C0599,11,11
C0599,12,9
C0599,13,12
C0599,14,11
C0599,15,13
C0599,16,12
C0599,17,13
C0599,18,9
C0599,19,11
C0599,20,12
C0599,21,14
C0599,22,9
C0599,23,11
C0599,24,11
C0599,25,15
C0599,26,10
C0600,1,38
C0600,2,36
C0600,3,43
C0600,4,44
C0600,5,40
C0600,6,39
C0600,7,46
C0600,8,30
C0600,9,34
C0600,10,44
C0600,11,43
C0600,12,47
C0600,13,33
C0600,14,52
C0600,15,35
C0600,16,39
C0600,17,45
C0600,18,47
C0600,19,28
C0600,20,58
C0600,21,53
C0600,22,51
C0600,23,38
C0600,24,36
C0600,25,38
C0600,26,32
